set,sim,fiber_fraction,box_x,box_y,box_z,fiber_clearance,random_seed,length_type,length_const,length_min,length_scale,length_mean,width_to_thickness,thickness,incl_type,incl_kappa,azim_kappa,deviation_magnitude,twistrate,orientation_dependency,case,fiber_modulus,matrix_modulus,E1,E2,E3,G12,G13,G23,v12,v13,v23
Set5_new,sim001_10,0.1,250,250,250,2,3,constant,50.0,,,50.0,2,10,mises-fisher,10,0.2,0.35,0.0,0.4,0,4.0,1.0,1.14787,1.14295,1.1684,0.43254,0.43811,0.43623,0.32383,0.31554,0.31556
Set5_new,sim001_10,0.1,250,250,250,2,3,constant,50.0,,,50.0,2,10,mises-fisher,10,0.2,0.35,0.0,0.4,1,12.0,1.0,1.25436,1.23888,1.32928,0.47001,0.48868,0.48223,0.32399,0.30185,0.30097
Set5_new,sim001_10,0.1,250,250,250,2,3,constant,50.0,,,50.0,2,10,mises-fisher,10,0.2,0.35,0.0,0.4,2,20.0,1.0,1.29332,1.27257,1.39887,0.48317,0.50897,0.49993,0.3242,0.29561,0.2942
Set5_new,sim001_10,0.1,250,250,250,2,3,constant,50.0,,,50.0,2,10,mises-fisher,10,0.2,0.35,0.0,0.4,3,28.0,1.0,1.31458,1.29067,1.4393,0.49024,0.52045,0.50976,0.32434,0.29201,0.29027
Set5_new,sim001_10,0.1,250,250,250,2,3,constant,50.0,,,50.0,2,10,mises-fisher,10,0.2,0.35,0.0,0.4,4,32.0,1.0,1.32205,1.29699,1.45391,0.49271,0.52456,0.51325,0.32439,0.29072,0.28885
Set5_new,sim001_10,0.1,250,250,250,2,3,constant,50.0,,,50.0,2,10,mises-fisher,10,0.2,0.35,0.0,0.4,5,40.0,1.0,1.33334,1.30653,1.47639,0.49644,0.53084,0.51856,0.32447,0.28874,0.28668
Set5_new,sim001_10,0.1,250,250,250,2,3,constant,50.0,,,50.0,2,10,mises-fisher,10,0.2,0.35,0.0,0.4,6,48.0,1.0,1.34153,1.31342,1.49296,0.49914,0.53544,0.52243,0.32452,0.28729,0.28508
Set5_new,sim001_20,0.2,250,250,250,2,3,constant,50.0,,,50.0,2,10,mises-fisher,10,0.2,0.35,0.0,0.4,0,4.0,1.0,1.30813,1.30367,1.35481,0.49651,0.50587,0.50655,0.31694,0.30202,0.30356
Set5_new,sim001_20,0.2,250,250,250,2,3,constant,50.0,,,50.0,2,10,mises-fisher,10,0.2,0.35,0.0,0.4,1,12.0,1.0,1.5398,1.52679,1.72311,0.58542,0.61759,0.62145,0.31554,0.27675,0.28129
Set5_new,sim001_20,0.2,250,250,250,2,3,constant,50.0,,,50.0,2,10,mises-fisher,10,0.2,0.35,0.0,0.4,2,20.0,1.0,1.62513,1.60813,1.89118,0.61855,0.66375,0.66999,0.31498,0.26541,0.27148
Set5_new,sim001_20,0.2,250,250,250,2,3,constant,50.0,,,50.0,2,10,mises-fisher,10,0.2,0.35,0.0,0.4,3,28.0,1.0,1.67176,1.65244,1.99159,0.63679,0.6903,0.69822,0.31465,0.25892,0.26592
Set5_new,sim001_20,0.2,250,250,250,2,3,constant,50.0,,,50.0,2,10,mises-fisher,10,0.2,0.35,0.0,0.4,4,32.0,1.0,1.68818,1.66801,2.02841,0.64323,0.69988,0.70845,0.31453,0.25659,0.26394
Set5_new,sim001_20,0.2,250,250,250,2,3,constant,50.0,,,50.0,2,10,mises-fisher,10,0.2,0.35,0.0,0.4,5,40.0,1.0,1.71307,1.69158,2.08566,0.65302,0.71462,0.72426,0.31433,0.25304,0.26092
Set5_new,sim001_20,0.2,250,250,250,2,3,constant,50.0,,,50.0,2,10,mises-fisher,10,0.2,0.35,0.0,0.4,6,48.0,1.0,1.73115,1.70869,2.12832,0.66015,0.72551,0.73597,0.31419,0.25043,0.25871
Set5_new,sim001_30,0.3,250,250,250,2,3,constant,50.0,,,50.0,2,10,mises-fisher,10,0.2,0.35,0.0,0.4,0,4.0,1.0,1.48722,1.48964,1.55916,0.56847,0.58155,0.58282,0.30819,0.29214,0.29193
Set5_new,sim001_30,0.3,250,250,250,2,3,constant,50.0,,,50.0,2,10,mises-fisher,10,0.2,0.35,0.0,0.4,1,12.0,1.0,1.89448,1.89843,2.19238,0.7256,0.77673,0.7807,0.30169,0.26274,0.26258
Set5_new,sim001_30,0.3,250,250,250,2,3,constant,50.0,,,50.0,2,10,mises-fisher,10,0.2,0.35,0.0,0.4,2,20.0,1.0,2.05525,2.05855,2.4997,0.78734,0.86288,0.86812,0.29852,0.24973,0.24967
Set5_new,sim001_30,0.3,250,250,250,2,3,constant,50.0,,,50.0,2,10,mises-fisher,10,0.2,0.35,0.0,0.4,3,28.0,1.0,2.1461,2.14863,2.68975,0.82212,0.91414,0.92005,0.29661,0.24229,0.24232
Set5_new,sim001_30,0.3,250,250,250,2,3,constant,50.0,,,50.0,2,10,mises-fisher,10,0.2,0.35,0.0,0.4,4,32.0,1.0,2.17863,2.18081,2.76076,0.83456,0.93297,0.9391,0.29591,0.23963,0.23969
Set5_new,sim001_30,0.3,250,250,250,2,3,constant,50.0,,,50.0,2,10,mises-fisher,10,0.2,0.35,0.0,0.4,5,40.0,1.0,2.22854,2.23011,2.87272,0.85363,0.96233,0.96876,0.29481,0.23554,0.23567
Set5_new,sim001_30,0.3,250,250,250,2,3,constant,50.0,,,50.0,2,10,mises-fisher,10,0.2,0.35,0.0,0.4,6,48.0,1.0,2.26527,2.26632,2.95742,0.86766,0.98431,0.99094,0.29398,0.23254,0.23273
Set5_new,sim002_10,0.1,250,250,250,2,3,constant,50.0,,,50.0,2,10,mises-fisher,10,0.2,0.35,0.0,0.66,0,4.0,1.0,1.14149,1.13848,1.18335,0.4302,0.43833,0.43677,0.32675,0.31098,0.31089
Set5_new,sim002_10,0.1,250,250,250,2,3,constant,50.0,,,50.0,2,10,mises-fisher,10,0.2,0.35,0.0,0.66,1,12.0,1.0,1.23122,1.2235,1.38194,0.46252,0.48861,0.48337,0.33116,0.28911,0.28812
Set5_new,sim002_10,0.1,250,250,250,2,3,constant,50.0,,,50.0,2,10,mises-fisher,10,0.2,0.35,0.0,0.66,2,20.0,1.0,1.2608,1.25118,1.47232,0.47295,0.50846,0.50123,0.33325,0.27929,0.27779
Set5_new,sim002_10,0.1,250,250,250,2,3,constant,50.0,,,50.0,2,10,mises-fisher,10,0.2,0.35,0.0,0.66,3,28.0,1.0,1.27618,1.26554,1.52568,0.47835,0.51959,0.51113,0.33445,0.27371,0.27189
Set5_new,sim002_10,0.1,250,250,250,2,3,constant,50.0,,,50.0,2,10,mises-fisher,10,0.2,0.35,0.0,0.66,4,32.0,1.0,1.28146,1.27047,1.54508,0.4802,0.52354,0.51464,0.33488,0.27172,0.26978
Set5_new,sim002_10,0.1,250,250,250,2,3,constant,50.0,,,50.0,2,10,mises-fisher,10,0.2,0.35,0.0,0.66,5,40.0,1.0,1.28933,1.27782,1.57506,0.48296,0.52957,0.51998,0.33553,0.26869,0.26656
Set5_new,sim002_10,0.1,250,250,250,2,3,constant,50.0,,,50.0,2,10,mises-fisher,10,0.2,0.35,0.0,0.66,6,48.0,1.0,1.29495,1.28308,1.59724,0.48493,0.53397,0.52386,0.33601,0.26649,0.26421
Set5_new,sim002_20,0.2,250,250,250,2,3,constant,50.0,,,50.0,2,10,mises-fisher,10,0.2,0.35,0.0,0.66,0,4.0,1.0,1.29904,1.29882,1.38504,0.49083,0.50598,0.50712,0.32022,0.29537,0.29612
Set5_new,sim002_20,0.2,250,250,250,2,3,constant,50.0,,,50.0,2,10,mises-fisher,10,0.2,0.35,0.0,0.66,1,12.0,1.0,1.50562,1.50571,1.84247,0.56629,0.61738,0.62108,0.32282,0.25936,0.26165
Set5_new,sim002_20,0.2,250,250,250,2,3,constant,50.0,,,50.0,2,10,mises-fisher,10,0.2,0.35,0.0,0.66,2,20.0,1.0,1.57635,1.57693,2.0663,0.59198,0.66325,0.66833,0.3239,0.2437,0.24671
Set5_new,sim002_20,0.2,250,250,250,2,3,constant,50.0,,,50.0,2,10,mises-fisher,10,0.2,0.35,0.0,0.66,3,28.0,1.0,1.61364,1.61463,2.20374,0.60555,0.68961,0.69556,0.32446,0.23491,0.23833
Set5_new,sim002_20,0.2,250,250,250,2,3,constant,50.0,,,50.0,2,10,mises-fisher,10,0.2,0.35,0.0,0.66,4,32.0,1.0,1.62653,1.62769,2.25476,0.61025,0.69911,0.7054,0.32465,0.2318,0.23536
Set5_new,sim002_20,0.2,250,250,250,2,3,constant,50.0,,,50.0,2,10,mises-fisher,10,0.2,0.35,0.0,0.66,5,40.0,1.0,1.64585,1.64731,2.33476,0.6173,0.71374,0.72056,0.32492,0.22707,0.23086
Set5_new,sim002_20,0.2,250,250,250,2,3,constant,50.0,,,50.0,2,10,mises-fisher,10,0.2,0.35,0.0,0.66,6,48.0,1.0,1.65971,1.66143,2.39487,0.62238,0.72455,0.73178,0.3251,0.22364,0.22759
Set5_new,sim002_30,0.3,250,250,250,2,3,constant,50.0,,,50.0,2,10,mises-fisher,10,0.2,0.35,0.0,0.66,0,4.0,1.0,1.47138,1.47503,1.60198,0.56218,0.58296,0.5836,0.31418,0.2833,0.28267
Set5_new,sim002_30,0.3,250,250,250,2,3,constant,50.0,,,50.0,2,10,mises-fisher,10,0.2,0.35,0.0,0.66,1,12.0,1.0,1.82889,1.83759,2.37676,0.70266,0.78052,0.7814,0.31551,0.24091,0.23927
Set5_new,sim002_30,0.3,250,250,250,2,3,constant,50.0,,,50.0,2,10,mises-fisher,10,0.2,0.35,0.0,0.66,2,20.0,1.0,1.95807,1.96806,2.78003,0.75422,0.86778,0.86827,0.31572,0.22298,0.22085
Set5_new,sim002_30,0.3,250,250,250,2,3,constant,50.0,,,50.0,2,10,mises-fisher,10,0.2,0.35,0.0,0.66,3,28.0,1.0,2.02789,2.03823,3.03639,0.78226,0.91969,0.91979,0.31573,0.21302,0.21059
Set5_new,sim002_30,0.3,250,250,250,2,3,constant,50.0,,,50.0,2,10,mises-fisher,10,0.2,0.35,0.0,0.66,4,32.0,1.0,2.05234,2.06273,3.13334,0.79211,0.93875,0.93867,0.31571,0.2095,0.20697
Set5_new,sim002_30,0.3,250,250,250,2,3,constant,50.0,,,50.0,2,10,mises-fisher,10,0.2,0.35,0.0,0.66,5,40.0,1.0,2.08931,2.09968,3.28736,0.80703,0.96846,0.96809,0.31564,0.20418,0.20149
Set5_new,sim002_30,0.3,250,250,250,2,3,constant,50.0,,,50.0,2,10,mises-fisher,10,0.2,0.35,0.0,0.66,6,48.0,1.0,2.11611,2.1264,3.4047,0.81786,0.9907,0.99008,0.31557,0.20032,0.19753
Set5_new,sim003_10,0.1,250,250,250,2,3,constant,50.0,,,50.0,2,10,mises-fisher,10,0.2,0.35,0.0,0.85,0,4.0,1.0,1.13998,1.13811,1.20004,0.42819,0.437,0.43582,0.3294,0.30624,0.30611
Set5_new,sim003_10,0.1,250,250,250,2,3,constant,50.0,,,50.0,2,10,mises-fisher,10,0.2,0.35,0.0,0.85,1,12.0,1.0,1.22584,1.22159,1.44454,0.45648,0.48286,0.47927,0.33848,0.27532,0.27454
Set5_new,sim003_10,0.1,250,250,250,2,3,constant,50.0,,,50.0,2,10,mises-fisher,10,0.2,0.35,0.0,0.85,2,20.0,1.0,1.25323,1.24821,1.56219,0.4649,0.49997,0.4952,0.34275,0.26145,0.26034
Set5_new,sim003_10,0.1,250,250,250,2,3,constant,50.0,,,50.0,2,10,mises-fisher,10,0.2,0.35,0.0,0.85,3,28.0,1.0,1.26723,1.26185,1.6331,0.46907,0.50932,0.50387,0.3452,0.2536,0.2523
Set5_new,sim003_10,0.1,250,250,250,2,3,constant,50.0,,,50.0,2,10,mises-fisher,10,0.2,0.35,0.0,0.85,4,32.0,1.0,1.272,1.2665,1.65912,0.47047,0.5126,0.50692,0.34607,0.25082,0.24944
Set5_new,sim003_10,0.1,250,250,250,2,3,constant,50.0,,,50.0,2,10,mises-fisher,10,0.2,0.35,0.0,0.85,5,40.0,1.0,1.27907,1.2734,1.69956,0.47253,0.51757,0.51152,0.34741,0.2466,0.2451
Set5_new,sim003_10,0.1,250,250,250,2,3,constant,50.0,,,50.0,2,10,mises-fisher,10,0.2,0.35,0.0,0.85,6,48.0,1.0,1.28409,1.27831,1.72965,0.47399,0.52116,0.51485,0.34838,0.24353,0.24195
Set5_new,sim003_20,0.2,250,250,250,2,3,constant,50.0,,,50.0,2,10,mises-fisher,10,0.2,0.35,0.0,0.85,0,4.0,1.0,1.29596,1.29312,1.41433,0.48828,0.5045,0.50376,0.32569,0.28818,0.28846
Set5_new,sim003_20,0.2,250,250,250,2,3,constant,50.0,,,50.0,2,10,mises-fisher,10,0.2,0.35,0.0,0.85,1,12.0,1.0,1.4933,1.4853,1.95672,0.55732,0.60904,0.60736,0.33603,0.24163,0.24243
Set5_new,sim003_20,0.2,250,250,250,2,3,constant,50.0,,,50.0,2,10,mises-fisher,10,0.2,0.35,0.0,0.85,2,20.0,1.0,1.55847,1.54823,2.23371,0.57932,0.64995,0.64801,0.34031,0.22199,0.22317
Set5_new,sim003_20,0.2,250,250,250,2,3,constant,50.0,,,50.0,2,10,mises-fisher,10,0.2,0.35,0.0,0.85,3,28.0,1.0,1.59221,1.58069,2.40653,0.59055,0.67288,0.67084,0.34265,0.21111,0.21257
Set5_new,sim003_20,0.2,250,250,250,2,3,constant,50.0,,,50.0,2,10,mises-fisher,10,0.2,0.35,0.0,0.85,4,32.0,1.0,1.60377,1.5918,2.47117,0.59437,0.68105,0.67898,0.34347,0.20729,0.20885
Set5_new,sim003_20,0.2,250,250,250,2,3,constant,50.0,,,50.0,2,10,mises-fisher,10,0.2,0.35,0.0,0.85,5,40.0,1.0,1.62101,1.60833,2.57299,0.60004,0.69351,0.69142,0.34469,0.2015,0.20324
Set5_new,sim003_20,0.2,250,250,250,2,3,constant,50.0,,,50.0,2,10,mises-fisher,10,0.2,0.35,0.0,0.85,6,48.0,1.0,1.63332,1.62011,2.64988,0.60407,0.70263,0.70053,0.34558,0.19732,0.19919
Set5_new,sim003_30,0.3,250,250,250,2,3,constant,50.0,,,50.0,2,10,mises-fisher,10,0.2,0.35,0.0,0.85,0,4.0,1.0,1.47156,1.47039,1.64609,0.55664,0.57973,0.57939,0.31916,0.2743,0.2746
Set5_new,sim003_30,0.3,250,250,250,2,3,constant,50.0,,,50.0,2,10,mises-fisher,10,0.2,0.35,0.0,0.85,1,12.0,1.0,1.82025,1.81727,2.57079,0.68314,0.76242,0.76297,0.32666,0.21858,0.21997
Set5_new,sim003_30,0.3,250,250,250,2,3,constant,50.0,,,50.0,2,10,mises-fisher,10,0.2,0.35,0.0,0.85,2,20.0,1.0,1.94115,1.93751,3.07982,0.72657,0.83831,0.8402,0.32931,0.19557,0.19757
Set5_new,sim003_30,0.3,250,250,250,2,3,constant,50.0,,,50.0,2,10,mises-fisher,10,0.2,0.35,0.0,0.85,3,28.0,1.0,2.00479,2.00081,3.41119,0.74941,0.88202,0.88506,0.33065,0.18294,0.18531
Set5_new,sim003_30,0.3,250,250,250,2,3,constant,50.0,,,50.0,2,10,mises-fisher,10,0.2,0.35,0.0,0.85,4,32.0,1.0,2.02676,2.02267,3.53797,0.75729,0.8978,0.90134,0.3311,0.17851,0.18101
Set5_new,sim003_30,0.3,250,250,250,2,3,constant,50.0,,,50.0,2,10,mises-fisher,10,0.2,0.35,0.0,0.85,5,40.0,1.0,2.05965,2.05539,3.74092,0.76911,0.92212,0.92653,0.33176,0.17183,0.17454
Set5_new,sim003_30,0.3,250,250,250,2,3,constant,50.0,,,50.0,2,10,mises-fisher,10,0.2,0.35,0.0,0.85,6,48.0,1.0,2.08324,2.07885,3.89683,0.77759,0.9401,0.94523,0.33222,0.16701,0.16986
Set5_new,sim004_10,0.1,300,300,400,2,3,constant,100.0,,,100.0,2,10,mises-fisher,10,0.2,0.35,0.0,0.4,0,4.0,1.0,1.15066,1.14497,1.17766,0.43273,0.43992,0.43814,0.32404,0.31395,0.31416
Set5_new,sim004_10,0.1,300,300,400,2,3,constant,100.0,,,100.0,2,10,mises-fisher,10,0.2,0.35,0.0,0.4,1,12.0,1.0,1.2712,1.25001,1.38743,0.47253,0.50056,0.49373,0.325,0.29467,0.29455
Set5_new,sim004_10,0.1,300,300,400,2,3,constant,100.0,,,100.0,2,10,mises-fisher,10,0.2,0.35,0.0,0.4,2,20.0,1.0,1.32361,1.29225,1.50238,0.4883,0.53054,0.52026,0.32575,0.28439,0.28422
Set5_new,sim004_10,0.1,300,300,400,2,3,constant,100.0,,,100.0,2,10,mises-fisher,10,0.2,0.35,0.0,0.4,3,28.0,1.0,1.35582,1.31726,1.5793,0.49759,0.54992,0.53718,0.32623,0.27792,0.27784
Set5_new,sim004_10,0.1,300,300,400,2,3,constant,100.0,,,100.0,2,10,mises-fisher,10,0.2,0.35,0.0,0.4,4,32.0,1.0,1.36794,1.3265,1.60931,0.50102,0.55737,0.54366,0.32641,0.27548,0.27547
Set5_new,sim004_10,0.1,300,300,400,2,3,constant,100.0,,,100.0,2,10,mises-fisher,10,0.2,0.35,0.0,0.4,5,40.0,1.0,1.38723,1.34102,1.65811,0.50641,0.5694,0.55408,0.32668,0.27164,0.27176
Set5_new,sim004_10,0.1,300,300,400,2,3,constant,100.0,,,100.0,2,10,mises-fisher,10,0.2,0.35,0.0,0.4,6,48.0,1.0,1.40202,1.35202,1.69629,0.51049,0.57874,0.56215,0.32687,0.26872,0.26897
Set5_new,sim004_20,0.2,300,300,400,2,3,constant,100.0,,,100.0,2,10,mises-fisher,10,0.2,0.35,0.0,0.4,0,4.0,1.0,1.31477,1.30415,1.36634,0.49798,0.50991,0.50682,0.3178,0.3011,0.30142
Set5_new,sim004_20,0.2,300,300,400,2,3,constant,100.0,,,100.0,2,10,mises-fisher,10,0.2,0.35,0.0,0.4,1,12.0,1.0,1.5814,1.54084,1.82063,0.59561,0.64362,0.63378,0.31842,0.27153,0.27161
Set5_new,sim004_20,0.2,300,300,400,2,3,constant,100.0,,,100.0,2,10,mises-fisher,10,0.2,0.35,0.0,0.4,2,20.0,1.0,1.69867,1.63825,2.07919,0.63739,0.7109,0.69737,0.31884,0.25682,0.25691
Set5_new,sim004_20,0.2,300,300,400,2,3,constant,100.0,,,100.0,2,10,mises-fisher,10,0.2,0.35,0.0,0.4,3,28.0,1.0,1.77118,1.69665,2.25707,0.66291,0.75501,0.73915,0.31902,0.24793,0.2481
Set5_new,sim004_20,0.2,300,300,400,2,3,constant,100.0,,,100.0,2,10,mises-fisher,10,0.2,0.35,0.0,0.4,4,32.0,1.0,1.7986,1.71842,2.32767,0.67252,0.77215,0.75542,0.31906,0.24465,0.24488
Set5_new,sim004_20,0.2,300,300,400,2,3,constant,100.0,,,100.0,2,10,mises-fisher,10,0.2,0.35,0.0,0.4,5,40.0,1.0,1.84245,1.75293,2.44405,0.68786,0.80007,0.78195,0.31908,0.23955,0.23987
Set5_new,sim004_20,0.2,300,300,400,2,3,constant,100.0,,,100.0,2,10,mises-fisher,10,0.2,0.35,0.0,0.4,6,48.0,1.0,1.87627,1.77932,2.53655,0.69966,0.82199,0.80282,0.31905,0.23573,0.23615
Set5_new,sim004_30,0.3,300,300,400,2,3,constant,100.0,,,100.0,2,10,mises-fisher,10,0.2,0.35,0.0,0.4,0,4.0,1.0,1.50028,1.48918,1.57913,0.57147,0.58908,0.58577,0.30949,0.28978,0.29018
Set5_new,sim004_30,0.3,300,300,400,2,3,constant,100.0,,,100.0,2,10,mises-fisher,10,0.2,0.35,0.0,0.4,1,12.0,1.0,1.95755,1.91678,2.3553,0.74554,0.8219,0.80954,0.30583,0.25414,0.25358
Set5_new,sim004_30,0.3,300,300,400,2,3,constant,100.0,,,100.0,2,10,mises-fisher,10,0.2,0.35,0.0,0.4,2,20.0,1.0,2.16264,2.10341,2.82232,0.82425,0.9456,0.92732,0.30416,0.23724,0.23577
Set5_new,sim004_30,0.3,300,300,400,2,3,constant,100.0,,,100.0,2,10,mises-fisher,10,0.2,0.35,0.0,0.4,3,28.0,1.0,2.29047,2.21856,3.15645,0.87368,1.02946,1.00705,0.30318,0.22725,0.22509
Set5_new,sim004_30,0.3,300,300,400,2,3,constant,100.0,,,100.0,2,10,mises-fisher,10,0.2,0.35,0.0,0.4,4,32.0,1.0,2.33913,2.26222,3.29233,0.8926,1.06274,1.03869,0.30282,0.22362,0.22117
Set5_new,sim004_30,0.3,300,300,400,2,3,constant,100.0,,,100.0,2,10,mises-fisher,10,0.2,0.35,0.0,0.4,5,40.0,1.0,2.4174,2.33231,3.52066,0.92315,1.11778,1.09104,0.30225,0.218,0.21507
Set5_new,sim004_30,0.3,300,300,400,2,3,constant,100.0,,,100.0,2,10,mises-fisher,10,0.2,0.35,0.0,0.4,6,48.0,1.0,2.47824,2.38673,3.70619,0.94702,1.16182,1.13296,0.3018,0.21384,0.21052
Set5_new,sim005_10,0.1,300,300,400,2,3,constant,100.0,,,100.0,2,10,mises-fisher,10,0.2,0.35,0.0,0.66,0,4.0,1.0,1.14191,1.14158,1.1971,0.42982,0.43932,0.43924,0.32707,0.30829,0.30827
Set5_new,sim005_10,0.1,300,300,400,2,3,constant,100.0,,,100.0,2,10,mises-fisher,10,0.2,0.35,0.0,0.66,1,12.0,1.0,1.23661,1.2358,1.47014,0.46205,0.49658,0.49669,0.3332,0.27658,0.2765
Set5_new,sim005_10,0.1,300,300,400,2,3,constant,100.0,,,100.0,2,10,mises-fisher,10,0.2,0.35,0.0,0.66,2,20.0,1.0,1.27141,1.27046,1.63025,0.47298,0.52364,0.52415,0.3365,0.26004,0.25997
Set5_new,sim005_10,0.1,300,300,400,2,3,constant,100.0,,,100.0,2,10,mises-fisher,10,0.2,0.35,0.0,0.66,3,28.0,1.0,1.29103,1.29003,1.73993,0.47893,0.54078,0.54169,0.33848,0.2499,0.24986
Set5_new,sim005_10,0.1,300,300,400,2,3,constant,100.0,,,100.0,2,10,mises-fisher,10,0.2,0.35,0.0,0.66,4,32.0,1.0,1.29811,1.29709,1.78316,0.48104,0.54731,0.5484,0.33919,0.24616,0.24613
Set5_new,sim005_10,0.1,300,300,400,2,3,constant,100.0,,,100.0,2,10,mises-fisher,10,0.2,0.35,0.0,0.66,5,40.0,1.0,1.30906,1.30802,1.8539,0.48428,0.55778,0.55921,0.34027,0.24031,0.24032
Set5_new,sim005_10,0.1,300,300,400,2,3,constant,100.0,,,100.0,2,10,mises-fisher,10,0.2,0.35,0.0,0.66,6,48.0,1.0,1.31723,1.31617,1.90959,0.48667,0.56586,0.56758,0.34106,0.23594,0.23597
Set5_new,sim005_20,0.2,300,300,400,2,3,constant,100.0,,,100.0,2,10,mises-fisher,10,0.2,0.35,0.0,0.66,0,4.0,1.0,1.30065,1.29547,1.4042,0.49196,0.51045,0.50734,0.32295,0.29244,0.2918
Set5_new,sim005_20,0.2,300,300,400,2,3,constant,100.0,,,100.0,2,10,mises-fisher,10,0.2,0.35,0.0,0.66,1,12.0,1.0,1.52036,1.50264,1.99215,0.57182,0.64389,0.63224,0.33059,0.24787,0.24495
Set5_new,sim005_20,0.2,300,300,400,2,3,constant,100.0,,,100.0,2,10,mises-fisher,10,0.2,0.35,0.0,0.66,2,20.0,1.0,1.60362,1.57819,2.3525,0.60128,0.71033,0.693,0.33409,0.22684,0.22282
Set5_new,sim005_20,0.2,300,300,400,2,3,constant,100.0,,,100.0,2,10,mises-fisher,10,0.2,0.35,0.0,0.66,3,28.0,1.0,1.65118,1.62032,2.60719,0.61793,0.75367,0.73235,0.33604,0.21455,0.20993
Set5_new,sim005_20,0.2,300,300,400,2,3,constant,100.0,,,100.0,2,10,mises-fisher,10,0.2,0.35,0.0,0.66,4,32.0,1.0,1.66847,1.63543,2.70947,0.62396,0.77047,0.74757,0.33672,0.21011,0.20529
Set5_new,sim005_20,0.2,300,300,400,2,3,constant,100.0,,,100.0,2,10,mises-fisher,10,0.2,0.35,0.0,0.66,5,40.0,1.0,1.69541,1.65875,2.8793,0.63333,0.79779,0.77228,0.33772,0.20329,0.19817
Set5_new,sim005_20,0.2,300,300,400,2,3,constant,100.0,,,100.0,2,10,mises-fisher,10,0.2,0.35,0.0,0.66,6,48.0,1.0,1.71566,1.67609,3.01522,0.64037,0.81921,0.79165,0.33843,0.19826,0.19295
Set5_new,sim005_30,0.3,300,300,400,2,3,constant,100.0,,,100.0,2,10,mises-fisher,10,0.2,0.35,0.0,0.66,0,4.0,1.0,1.48089,1.47835,1.62996,0.56353,0.58776,0.58824,0.3147,0.27943,0.28034
Set5_new,sim005_30,0.3,300,300,400,2,3,constant,100.0,,,100.0,2,10,mises-fisher,10,0.2,0.35,0.0,0.66,1,12.0,1.0,1.86808,1.86201,2.60213,0.71183,0.81233,0.81597,0.31654,0.22674,0.22907
Set5_new,sim005_30,0.3,300,300,400,2,3,constant,100.0,,,100.0,2,10,mises-fisher,10,0.2,0.35,0.0,0.66,2,20.0,1.0,2.01899,2.01256,3.22736,0.77111,0.92815,0.93482,0.31669,0.20291,0.20571
Set5_new,sim005_30,0.3,300,300,400,2,3,constant,100.0,,,100.0,2,10,mises-fisher,10,0.2,0.35,0.0,0.66,3,28.0,1.0,2.10535,2.09942,3.68501,0.8058,1.00552,1.01475,0.31647,0.18926,0.19224
Set5_new,sim005_30,0.3,300,300,400,2,3,constant,100.0,,,100.0,2,10,mises-fisher,10,0.2,0.35,0.0,0.66,4,32.0,1.0,2.13674,2.13116,3.87284,0.81859,1.03602,1.04636,0.31631,0.18438,0.1874
Set5_new,sim005_30,0.3,300,300,400,2,3,constant,100.0,,,100.0,2,10,mises-fisher,10,0.2,0.35,0.0,0.66,5,40.0,1.0,2.18563,2.18081,4.1902,0.83875,1.08623,1.09855,0.31597,0.17692,0.17999
Set5_new,sim005_30,0.3,300,300,400,2,3,constant,100.0,,,100.0,2,10,mises-fisher,10,0.2,0.35,0.0,0.66,6,48.0,1.0,2.22236,2.2183,4.44936,0.85409,1.12623,1.14024,0.31562,0.17146,0.17455
Set5_new,sim006_10,0.1,300,300,400,2,3,constant,100.0,,,100.0,2,10,mises-fisher,10,0.2,0.35,0.0,0.85,0,4.0,1.0,1.14023,1.14026,1.21866,0.42806,0.43742,0.4375,0.33108,0.30201,0.30202
Set5_new,sim006_10,0.1,300,300,400,2,3,constant,100.0,,,100.0,2,10,mises-fisher,10,0.2,0.35,0.0,0.85,1,12.0,1.0,1.22945,1.22958,1.56475,0.45626,0.48791,0.48768,0.3452,0.25744,0.25733
Set5_new,sim006_10,0.1,300,300,400,2,3,constant,100.0,,,100.0,2,10,mises-fisher,10,0.2,0.35,0.0,0.85,2,20.0,1.0,1.26004,1.26026,1.77934,0.46483,0.51007,0.50939,0.35266,0.23493,0.23465
Set5_new,sim006_10,0.1,300,300,400,2,3,constant,100.0,,,100.0,2,10,mises-fisher,10,0.2,0.35,0.0,0.85,3,28.0,1.0,1.27643,1.27675,1.92956,0.4692,0.52372,0.52262,0.35716,0.22147,0.22105
Set5_new,sim006_10,0.1,300,300,400,2,3,constant,100.0,,,100.0,2,10,mises-fisher,10,0.2,0.35,0.0,0.85,4,32.0,1.0,1.28218,1.28254,1.98936,0.4707,0.52886,0.52759,0.3588,0.21657,0.21608
Set5_new,sim006_10,0.1,300,300,400,2,3,constant,100.0,,,100.0,2,10,mises-fisher,10,0.2,0.35,0.0,0.85,5,40.0,1.0,1.29087,1.29132,2.08789,0.47295,0.53705,0.53546,0.36133,0.209,0.2084
Set5_new,sim006_10,0.1,300,300,400,2,3,constant,100.0,,,100.0,2,10,mises-fisher,10,0.2,0.35,0.0,0.85,6,48.0,1.0,1.29721,1.29773,2.16599,0.47457,0.54334,0.54149,0.3632,0.20341,0.2027
Set5_new,sim006_20,0.2,300,300,400,2,3,constant,100.0,,,100.0,2,10,mises-fisher,10,0.2,0.35,0.0,0.85,0,4.0,1.0,1.29499,1.29431,1.44524,0.48788,0.50624,0.50508,0.32824,0.28288,0.28229
Set5_new,sim006_20,0.2,300,300,400,2,3,constant,100.0,,,100.0,2,10,mises-fisher,10,0.2,0.35,0.0,0.85,1,12.0,1.0,1.49492,1.49272,2.18384,0.55729,0.62324,0.61834,0.34404,0.22233,0.22011
Set5_new,sim006_20,0.2,300,300,400,2,3,constant,100.0,,,100.0,2,10,mises-fisher,10,0.2,0.35,0.0,0.85,2,20.0,1.0,1.56341,1.56014,2.66483,0.58005,0.67678,0.66898,0.35109,0.19512,0.19211
Set5_new,sim006_20,0.2,300,300,400,2,3,constant,100.0,,,100.0,2,10,mises-fisher,10,0.2,0.35,0.0,0.85,3,28.0,1.0,1.59993,1.59582,3.01362,0.592,0.71043,0.70038,0.35502,0.17969,0.17625
Set5_new,sim006_20,0.2,300,300,400,2,3,constant,100.0,,,100.0,2,10,mises-fisher,10,0.2,0.35,0.0,0.85,4,32.0,1.0,1.6127,1.60823,3.15545,0.59616,0.72326,0.71227,0.3564,0.1742,0.17062
Set5_new,sim006_20,0.2,300,300,400,2,3,constant,100.0,,,100.0,2,10,mises-fisher,10,0.2,0.35,0.0,0.85,5,40.0,1.0,1.63205,1.62696,3.39296,0.60245,0.7439,0.73129,0.35846,0.16586,0.16208
Set5_new,sim006_20,0.2,300,300,400,2,3,constant,100.0,,,100.0,2,10,mises-fisher,10,0.2,0.35,0.0,0.85,6,48.0,1.0,1.64615,1.64055,3.58474,0.60703,0.75993,0.74598,0.35992,0.15979,0.15588
Set5_new,sim006_30,0.3,300,300,400,2,3,constant,100.0,,,100.0,2,10,mises-fisher,10,0.2,0.35,0.0,0.85,0,4.0,1.0,1.47678,1.4704,1.68559,0.55781,0.58517,0.58134,0.32171,0.26916,0.26888
Set5_new,sim006_30,0.3,300,300,400,2,3,constant,100.0,,,100.0,2,10,mises-fisher,10,0.2,0.35,0.0,0.85,1,12.0,1.0,1.8416,1.822,2.88139,0.68821,0.79241,0.77989,0.33315,0.20196,0.20101
Set5_new,sim006_30,0.3,300,300,400,2,3,constant,100.0,,,100.0,2,10,mises-fisher,10,0.2,0.35,0.0,0.85,2,20.0,1.0,1.97324,1.94734,3.69938,0.73455,0.89132,0.87372,0.33736,0.17308,0.17195
Set5_new,sim006_30,0.3,300,300,400,2,3,constant,100.0,,,100.0,2,10,mises-fisher,10,0.2,0.35,0.0,0.85,3,28.0,1.0,2.04456,2.01493,4.31434,0.75964,0.95461,0.93356,0.33945,0.15699,0.15578
Set5_new,sim006_30,0.3,300,300,400,2,3,constant,100.0,,,100.0,2,10,mises-fisher,10,0.2,0.35,0.0,0.85,4,32.0,1.0,2.06966,2.03867,4.57,0.76849,0.97902,0.95659,0.34012,0.15133,0.15008
Set5_new,sim006_30,0.3,300,300,400,2,3,constant,100.0,,,100.0,2,10,mises-fisher,10,0.2,0.35,0.0,0.85,5,40.0,1.0,2.10785,2.07474,5.00575,0.78199,1.01862,0.99392,0.34106,0.14276,0.14146
Set5_new,sim006_30,0.3,300,300,400,2,3,constant,100.0,,,100.0,2,10,mises-fisher,10,0.2,0.35,0.0,0.85,6,48.0,1.0,2.13582,2.10112,5.36478,0.79191,1.04969,1.02316,0.34166,0.13657,0.13523
Set5_new,sim007_10,0.1,400,400,600,2,3,constant,200.0,,,200.0,2,10,mises-fisher,10,0.2,0.35,0.0,0.4,0,4.0,1.0,1.14833,1.14417,1.18164,0.43313,0.44152,0.43907,0.32484,0.31342,0.31259
Set5_new,sim007_10,0.1,400,400,600,2,3,constant,200.0,,,200.0,2,10,mises-fisher,10,0.2,0.35,0.0,0.4,1,12.0,1.0,1.27378,1.25423,1.43296,0.47823,0.51387,0.50352,0.32861,0.29054,0.28643
Set5_new,sim007_10,0.1,400,400,600,2,3,constant,200.0,,,200.0,2,10,mises-fisher,10,0.2,0.35,0.0,0.4,2,20.0,1.0,1.3379,1.30524,1.60456,0.50056,0.55823,0.54147,0.3316,0.27667,0.27033
Set5_new,sim007_10,0.1,400,400,600,2,3,constant,200.0,,,200.0,2,10,mises-fisher,10,0.2,0.35,0.0,0.4,3,28.0,1.0,1.38307,1.33941,1.73921,0.51614,0.59171,0.56977,0.33377,0.26726,0.25936
Set5_new,sim007_10,0.1,400,400,600,2,3,constant,200.0,,,200.0,2,10,mises-fisher,10,0.2,0.35,0.0,0.4,4,32.0,1.0,1.40159,1.35307,1.79702,0.52251,0.60585,0.58167,0.33463,0.26358,0.25507
Set5_new,sim007_10,0.1,400,400,600,2,3,constant,200.0,,,200.0,2,10,mises-fisher,10,0.2,0.35,0.0,0.4,5,40.0,1.0,1.4331,1.37592,1.89827,0.53335,0.63036,0.60224,0.33602,0.25761,0.24811
Set5_new,sim007_10,0.1,400,400,600,2,3,constant,200.0,,,200.0,2,10,mises-fisher,10,0.2,0.35,0.0,0.4,6,48.0,1.0,1.45918,1.39452,1.98444,0.54232,0.65102,0.61954,0.33711,0.25294,0.24268
Set5_new,sim007_20,0.2,400,400,600,2,3,constant,200.0,,,200.0,2,10,mises-fisher,10,0.2,0.35,0.0,0.4,0,4.0,1.0,1.31311,1.30937,1.37714,0.49706,0.51057,0.51008,0.31705,0.29963,0.29994
Set5_new,sim007_20,0.2,400,400,600,2,3,constant,200.0,,,200.0,2,10,mises-fisher,10,0.2,0.35,0.0,0.4,1,12.0,1.0,1.59476,1.57547,1.92243,0.59875,0.66003,0.65725,0.31613,0.26397,0.26447
Set5_new,sim007_20,0.2,400,400,600,2,3,constant,200.0,,,200.0,2,10,mises-fisher,10,0.2,0.35,0.0,0.4,2,20.0,1.0,1.73971,1.70573,2.30452,0.6489,0.75127,0.74595,0.31568,0.24456,0.24512
Set5_new,sim007_20,0.2,400,400,600,2,3,constant,200.0,,,200.0,2,10,mises-fisher,10,0.2,0.35,0.0,0.4,3,28.0,1.0,1.8427,1.79566,2.61171,0.68384,0.82103,0.81322,0.3152,0.23223,0.23282
Set5_new,sim007_20,0.2,400,400,600,2,3,constant,200.0,,,200.0,2,10,mises-fisher,10,0.2,0.35,0.0,0.4,4,32.0,1.0,1.88535,1.83234,2.74595,0.69818,0.85089,0.84187,0.31495,0.22758,0.22818
Set5_new,sim007_20,0.2,400,400,600,2,3,constant,200.0,,,200.0,2,10,mises-fisher,10,0.2,0.35,0.0,0.4,5,40.0,1.0,1.95874,1.89481,2.98499,0.72272,0.90338,0.89208,0.31444,0.22021,0.22085
Set5_new,sim007_20,0.2,400,400,600,2,3,constant,200.0,,,200.0,2,10,mises-fisher,10,0.2,0.35,0.0,0.4,6,48.0,1.0,2.02045,1.94675,3.19264,0.74324,0.94843,0.93501,0.31396,0.21462,0.21528
Set5_new,sim007_30,0.3,400,400,600,2,3,constant,200.0,,,200.0,2,10,mises-fisher,10,0.2,0.35,0.0,0.4,0,4.0,1.0,1.53261,1.52127,1.58485,0.58399,0.60453,0.60411,0.30663,0.29518,0.29298
Set5_new,sim007_30,0.3,400,400,600,2,3,constant,200.0,,,200.0,2,10,mises-fisher,10,0.2,0.35,0.0,0.4,1,12.0,1.0,1.97043,1.93894,2.4803,0.74893,0.84386,0.83617,0.30661,0.24611,0.24442
Set5_new,sim007_30,0.3,400,400,600,2,3,constant,200.0,,,200.0,2,10,mises-fisher,10,0.2,0.35,0.0,0.4,2,20.0,1.0,2.24121,2.1913,3.13426,0.85319,1.02015,1.00874,0.30184,0.2256,0.22445
Set5_new,sim007_30,0.3,400,400,600,2,3,constant,200.0,,,200.0,2,10,mises-fisher,10,0.2,0.35,0.0,0.4,3,28.0,1.0,2.39751,2.33328,3.64164,0.9139,1.14218,1.12767,0.2984,0.21413,0.21301
Set5_new,sim007_30,0.3,400,400,600,2,3,constant,200.0,,,200.0,2,10,mises-fisher,10,0.2,0.35,0.0,0.4,4,32.0,1.0,2.45324,2.38335,3.87131,0.93548,1.19108,1.17479,0.2974,0.20943,0.20823
Set5_new,sim007_30,0.3,400,400,600,2,3,constant,200.0,,,200.0,2,10,mises-fisher,10,0.2,0.35,0.0,0.4,5,40.0,1.0,2.53623,2.45767,4.29258,0.96755,1.27183,1.25187,0.29635,0.2013,0.19988
Set5_new,sim007_30,0.3,400,400,600,2,3,constant,200.0,,,200.0,2,10,mises-fisher,10,0.2,0.35,0.0,0.4,6,48.0,1.0,2.5936,2.50915,4.66972,0.98971,1.33581,1.31229,0.29605,0.19451,0.1928
Set5_new,sim008_10,0.1,400,400,600,2,3,constant,200.0,,,200.0,2,10,mises-fisher,10,0.2,0.35,0.0,0.66,0,4.0,1.0,1.14064,1.14173,1.20422,0.4296,0.43986,0.44032,0.32783,0.30666,0.30657
Set5_new,sim008_10,0.1,400,400,600,2,3,constant,200.0,,,200.0,2,10,mises-fisher,10,0.2,0.35,0.0,0.66,1,12.0,1.0,1.23805,1.24068,1.53996,0.46354,0.50533,0.5062,0.33687,0.26746,0.26704
Set5_new,sim008_10,0.1,400,400,600,2,3,constant,200.0,,,200.0,2,10,mises-fisher,10,0.2,0.35,0.0,0.66,2,20.0,1.0,1.27814,1.2813,1.78387,0.47688,0.54328,0.54414,0.34242,0.24459,0.24383
Set5_new,sim008_10,0.1,400,400,600,2,3,constant,200.0,,,200.0,2,10,mises-fisher,10,0.2,0.35,0.0,0.66,3,28.0,1.0,1.30309,1.30648,1.97892,0.48515,0.57123,0.57201,0.34599,0.22964,0.2286
Set5_new,sim008_10,0.1,400,400,600,2,3,constant,200.0,,,200.0,2,10,mises-fisher,10,0.2,0.35,0.0,0.66,4,32.0,1.0,1.31269,1.31613,2.0633,0.48833,0.5829,0.58364,0.34732,0.22394,0.22278
Set5_new,sim008_10,0.1,400,400,600,2,3,constant,200.0,,,200.0,2,10,mises-fisher,10,0.2,0.35,0.0,0.66,5,40.0,1.0,1.32831,1.33179,2.21184,0.49355,0.60297,0.60364,0.34939,0.21483,0.21346
Set5_new,sim008_10,0.1,400,400,600,2,3,constant,200.0,,,200.0,2,10,mises-fisher,10,0.2,0.35,0.0,0.66,6,48.0,1.0,1.34066,1.34413,2.33885,0.49771,0.61974,0.62035,0.35092,0.20787,0.20634
Set5_new,sim008_20,0.2,400,400,600,2,3,constant,200.0,,,200.0,2,10,mises-fisher,10,0.2,0.35,0.0,0.66,0,4.0,1.0,1.29877,1.29918,1.41906,0.49068,0.5109,0.51043,0.32286,0.29002,0.28962
Set5_new,sim008_20,0.2,400,400,600,2,3,constant,200.0,,,200.0,2,10,mises-fisher,10,0.2,0.35,0.0,0.66,1,12.0,1.0,1.52394,1.52267,2.1329,0.57108,0.65828,0.65478,0.33082,0.2365,0.23515
Set5_new,sim008_20,0.2,400,400,600,2,3,constant,200.0,,,200.0,2,10,mises-fisher,10,0.2,0.35,0.0,0.66,2,20.0,1.0,1.61813,1.6142,2.66674,0.60356,0.7465,0.73961,0.33438,0.20945,0.20755
Set5_new,sim008_20,0.2,400,400,600,2,3,constant,200.0,,,200.0,2,10,mises-fisher,10,0.2,0.35,0.0,0.66,3,28.0,1.0,1.67729,1.67074,3.10438,0.62377,0.81334,0.80327,0.33608,0.19317,0.1909
Set5_new,sim008_20,0.2,400,400,600,2,3,constant,200.0,,,200.0,2,10,mises-fisher,10,0.2,0.35,0.0,0.66,4,32.0,1.0,1.70024,1.69247,3.29695,0.63161,0.84182,0.83028,0.33656,0.18721,0.18482
Set5_new,sim008_20,0.2,400,400,600,2,3,constant,200.0,,,200.0,2,10,mises-fisher,10,0.2,0.35,0.0,0.66,5,40.0,1.0,1.738,1.72796,3.64104,0.64452,0.89176,0.87748,0.33712,0.17801,0.17539
Set5_new,sim008_20,0.2,400,400,600,2,3,constant,200.0,,,200.0,2,10,mises-fisher,10,0.2,0.35,0.0,0.66,6,48.0,1.0,1.76829,1.75621,3.94067,0.65489,0.93448,0.91775,0.33734,0.1712,0.16842
Set5_new,sim008_30,0.3,400,400,600,2,3,constant,200.0,,,200.0,2,10,mises-fisher,10,0.2,0.35,0.0,0.66,0,4.0,1.0,1.47624,1.47561,1.62764,0.56255,0.59713,0.59455,0.31378,0.28161,0.27984
Set5_new,sim008_30,0.3,400,400,600,2,3,constant,200.0,,,200.0,2,10,mises-fisher,10,0.2,0.35,0.0,0.66,1,12.0,1.0,1.88887,1.87791,2.80189,0.71566,0.84681,0.83878,0.3197,0.21634,0.21488
Set5_new,sim008_30,0.3,400,400,600,2,3,constant,200.0,,,200.0,2,10,mises-fisher,10,0.2,0.35,0.0,0.66,2,20.0,1.0,2.08955,2.07174,3.70125,0.79203,1.01298,1.00323,0.31773,0.1903,0.18916
Set5_new,sim008_30,0.3,400,400,600,2,3,constant,200.0,,,200.0,2,10,mises-fisher,10,0.2,0.35,0.0,0.66,3,28.0,1.0,2.19103,2.16827,4.43979,0.83066,1.12199,1.11009,0.3163,0.17568,0.17458
Set5_new,sim008_30,0.3,400,400,600,2,3,constant,200.0,,,200.0,2,10,mises-fisher,10,0.2,0.35,0.0,0.66,4,32.0,1.0,2.22751,2.20274,4.77986,0.84428,1.16492,1.15168,0.31615,0.16976,0.16864
Set5_new,sim008_30,0.3,400,400,600,2,3,constant,200.0,,,200.0,2,10,mises-fisher,10,0.2,0.35,0.0,0.66,5,40.0,1.0,2.28212,2.25426,5.39543,0.86436,1.23356,1.2178,0.31648,0.15992,0.15872
Set5_new,sim008_30,0.3,400,400,600,2,3,constant,200.0,,,200.0,2,10,mises-fisher,10,0.2,0.35,0.0,0.66,6,48.0,1.0,2.32024,2.29024,5.9265,0.87818,1.2851,1.26712,0.3172,0.15223,0.15091
Set5_new,sim009_10,0.1,400,400,600,2,3,constant,200.0,,,200.0,2,10,mises-fisher,10,0.2,0.35,0.0,0.85,0,4.0,1.0,1.14022,1.13949,1.22806,0.42745,0.43821,0.43759,0.33227,0.29999,0.29976
Set5_new,sim009_10,0.1,400,400,600,2,3,constant,200.0,,,200.0,2,10,mises-fisher,10,0.2,0.35,0.0,0.85,1,12.0,1.0,1.23313,1.23103,1.65557,0.45518,0.49522,0.49227,0.35026,0.24664,0.24524
Set5_new,sim009_10,0.1,400,400,600,2,3,constant,200.0,,,200.0,2,10,mises-fisher,10,0.2,0.35,0.0,0.85,2,20.0,1.0,1.2678,1.26491,1.9802,0.4639,0.52517,0.5202,0.36054,0.21713,0.21484
Set5_new,sim009_10,0.1,400,400,600,2,3,constant,200.0,,,200.0,2,10,mises-fisher,10,0.2,0.35,0.0,0.85,3,28.0,1.0,1.28766,1.28416,2.24353,0.46855,0.5463,0.53967,0.36699,0.1986,0.19567
Set5_new,sim009_10,0.1,400,400,600,2,3,constant,200.0,,,200.0,2,10,mises-fisher,10,0.2,0.35,0.0,0.85,4,32.0,1.0,1.29491,1.29113,2.35814,0.47021,0.55495,0.5476,0.36938,0.19169,0.1885
Set5_new,sim009_10,0.1,400,400,600,2,3,constant,200.0,,,200.0,2,10,mises-fisher,10,0.2,0.35,0.0,0.85,5,40.0,1.0,1.30623,1.30198,2.56065,0.47276,0.56967,0.56106,0.37311,0.18085,0.17725
Set5_new,sim009_10,0.1,400,400,600,2,3,constant,200.0,,,200.0,2,10,mises-fisher,10,0.2,0.35,0.0,0.85,6,48.0,1.0,1.31479,1.31012,2.73444,0.47467,0.58183,0.57215,0.37587,0.17272,0.16879
Set5_new,sim009_20,0.2,400,400,600,2,3,constant,200.0,,,200.0,2,10,mises-fisher,10,0.2,0.35,0.0,0.85,0,4.0,1.0,1.29647,1.29257,1.46427,0.48651,0.50805,0.50513,0.33021,0.27945,0.27904
Set5_new,sim009_20,0.2,400,400,600,2,3,constant,200.0,,,200.0,2,10,mises-fisher,10,0.2,0.35,0.0,0.85,1,12.0,1.0,1.50228,1.4922,2.35886,0.5543,0.63694,0.62778,0.34993,0.20895,0.2073
Set5_new,sim009_20,0.2,400,400,600,2,3,constant,200.0,,,200.0,2,10,mises-fisher,10,0.2,0.35,0.0,0.85,2,20.0,1.0,1.57589,1.56334,3.05716,0.57709,0.70544,0.69262,0.35891,0.17573,0.17345
Set5_new,sim009_20,0.2,400,400,600,2,3,constant,200.0,,,200.0,2,10,mises-fisher,10,0.2,0.35,0.0,0.85,3,28.0,1.0,1.61668,1.60275,3.6377,0.58953,0.75421,0.73883,0.36385,0.15653,0.15383
Set5_new,sim009_20,0.2,400,400,600,2,3,constant,200.0,,,200.0,2,10,mises-fisher,10,0.2,0.35,0.0,0.85,4,32.0,1.0,1.63133,1.61691,3.89468,0.59399,0.77437,0.75795,0.36554,0.14966,0.1468
Set5_new,sim009_20,0.2,400,400,600,2,3,constant,200.0,,,200.0,2,10,mises-fisher,10,0.2,0.35,0.0,0.85,5,40.0,1.0,1.65406,1.63887,4.35559,0.60093,0.80896,0.79081,0.368,0.13919,0.13606
Set5_new,sim009_20,0.2,400,400,600,2,3,constant,200.0,,,200.0,2,10,mises-fisher,10,0.2,0.35,0.0,0.85,6,48.0,1.0,1.67113,1.65537,4.75846,0.60618,0.83792,0.81835,0.36969,0.13156,0.12822
Set5_new,sim009_30,0.3,400,400,600,2,3,constant,200.0,,,200.0,2,10,mises-fisher,10,0.2,0.35,0.0,0.85,0,4.0,1.0,1.46162,1.46505,1.68046,0.55391,0.58517,0.58306,0.32151,0.26863,0.26748
Set5_new,sim009_30,0.3,400,400,600,2,3,constant,200.0,,,200.0,2,10,mises-fisher,10,0.2,0.35,0.0,0.85,1,12.0,1.0,1.84261,1.84304,3.12165,0.69007,0.80633,0.80354,0.33596,0.18866,0.18774
Set5_new,sim009_30,0.3,400,400,600,2,3,constant,200.0,,,200.0,2,10,mises-fisher,10,0.2,0.35,0.0,0.85,2,20.0,1.0,1.99026,1.99006,4.30136,0.74346,0.92863,0.92672,0.33928,0.15629,0.15557
Set5_new,sim009_30,0.3,400,400,600,2,3,constant,200.0,,,200.0,2,10,mises-fisher,10,0.2,0.35,0.0,0.85,3,28.0,1.0,2.06244,2.0606,5.31932,0.76902,1.00575,1.00309,0.3409,0.13836,0.13774
Set5_new,sim009_30,0.3,400,400,600,2,3,constant,200.0,,,200.0,2,10,mises-fisher,10,0.2,0.35,0.0,0.85,4,32.0,1.0,2.09028,2.08776,5.79046,0.77869,1.03659,1.03349,0.34172,0.13148,0.13088
Set5_new,sim009_30,0.3,400,400,600,2,3,constant,200.0,,,200.0,2,10,mises-fisher,10,0.2,0.35,0.0,0.85,5,40.0,1.0,2.13346,2.13014,6.63003,0.7936,1.0859,1.08228,0.34326,0.1207,0.12011
Set5_new,sim009_30,0.3,400,400,600,2,3,constant,200.0,,,200.0,2,10,mises-fisher,10,0.2,0.35,0.0,0.85,6,48.0,1.0,2.16467,2.16102,7.32857,0.80449,1.12277,1.11889,0.3445,0.11295,0.11233
Set5_new,sim010_10,0.1,300,300,400,2,3,constant,100.0,,,100.0,2,10,mises-fisher,10,0.2,0.35,0.0,0.96,0,4.0,1.0,1.13893,1.14126,1.23457,0.42767,0.43452,0.43596,0.33398,0.2973,0.29737
Set5_new,sim010_10,0.1,300,300,400,2,3,constant,100.0,,,100.0,2,10,mises-fisher,10,0.2,0.35,0.0,0.96,1,12.0,1.0,1.22618,1.23169,1.63606,0.45481,0.47554,0.4791,0.35369,0.24356,0.24383
Set5_new,sim010_10,0.1,300,300,400,2,3,constant,100.0,,,100.0,2,10,mises-fisher,10,0.2,0.35,0.0,0.96,2,20.0,1.0,1.25572,1.26237,1.89379,0.4627,0.49083,0.49521,0.36381,0.21705,0.21731
Set5_new,sim010_10,0.1,300,300,400,2,3,constant,100.0,,,100.0,2,10,mises-fisher,10,0.2,0.35,0.0,0.96,3,28.0,1.0,1.27135,1.27861,2.07705,0.46659,0.49947,0.50427,0.36986,0.20142,0.20164
Set5_new,sim010_10,0.1,300,300,400,2,3,constant,100.0,,,100.0,2,10,mises-fisher,10,0.2,0.35,0.0,0.96,4,32.0,1.0,1.27677,1.28425,2.15057,0.46791,0.50258,0.50753,0.37205,0.19578,0.19597
Set5_new,sim010_10,0.1,300,300,400,2,3,constant,100.0,,,100.0,2,10,mises-fisher,10,0.2,0.35,0.0,0.96,5,40.0,1.0,1.28493,1.29273,2.27233,0.46985,0.5074,0.51256,0.37542,0.18711,0.18726
Set5_new,sim010_10,0.1,300,300,400,2,3,constant,100.0,,,100.0,2,10,mises-fisher,10,0.2,0.35,0.0,0.96,6,48.0,1.0,1.29082,1.29887,2.36936,0.47123,0.51099,0.5163,0.3779,0.18075,0.18085
Set5_new,sim010_20,0.2,300,300,400,2,3,constant,100.0,,,100.0,2,10,mises-fisher,10,0.2,0.35,0.0,0.96,0,4.0,1.0,1.29886,1.29236,1.4751,0.48586,0.50356,0.49968,0.33299,0.27592,0.27582
Set5_new,sim010_20,0.2,300,300,400,2,3,constant,100.0,,,100.0,2,10,mises-fisher,10,0.2,0.35,0.0,0.96,1,12.0,1.0,1.50241,1.48519,2.32462,0.55085,0.60593,0.59552,0.35597,0.20452,0.20444
Set5_new,sim010_20,0.2,300,300,400,2,3,constant,100.0,,,100.0,2,10,mises-fisher,10,0.2,0.35,0.0,0.96,2,20.0,1.0,1.57035,1.54889,2.89602,0.57107,0.64658,0.63344,0.36591,0.17342,0.17354
Set5_new,sim010_20,0.2,300,300,400,2,3,constant,100.0,,,100.0,2,10,mises-fisher,10,0.2,0.35,0.0,0.96,3,28.0,1.0,1.60563,1.58193,3.3159,0.58134,0.67006,0.65545,0.37138,0.15615,0.15639
Set5_new,sim010_20,0.2,300,300,400,2,3,constant,100.0,,,100.0,2,10,mises-fisher,10,0.2,0.35,0.0,0.96,4,32.0,1.0,1.61775,1.5933,3.48769,0.58485,0.67862,0.6635,0.37328,0.15008,0.15036
Set5_new,sim010_20,0.2,300,300,400,2,3,constant,100.0,,,100.0,2,10,mises-fisher,10,0.2,0.35,0.0,0.96,5,40.0,1.0,1.63588,1.61031,3.77658,0.59008,0.69197,0.67609,0.37612,0.14094,0.14127
Set5_new,sim010_20,0.2,300,300,400,2,3,constant,100.0,,,100.0,2,10,mises-fisher,10,0.2,0.35,0.0,0.96,6,48.0,1.0,1.64891,1.62256,4.01081,0.59384,0.70201,0.68559,0.37814,0.13436,0.1347
Set5_new,sim010_30,0.3,300,300,400,2,3,constant,100.0,,,100.0,2,10,mises-fisher,10,0.2,0.35,0.0,0.96,0,4.0,1.0,1.47092,1.47197,1.7277,0.55669,0.57709,0.57761,0.3269,0.26059,0.26054
Set5_new,sim010_30,0.3,300,300,400,2,3,constant,100.0,,,100.0,2,10,mises-fisher,10,0.2,0.35,0.0,0.96,1,12.0,1.0,1.81826,1.82222,3.10217,0.68264,0.75412,0.75629,0.34498,0.18216,0.18195
Set5_new,sim010_30,0.3,300,300,400,2,3,constant,100.0,,,100.0,2,10,mises-fisher,10,0.2,0.35,0.0,0.96,2,20.0,1.0,1.93858,1.94406,4.08286,0.72556,0.82864,0.83191,0.35169,0.14988,0.1496
Set5_new,sim010_30,0.3,300,300,400,2,3,constant,100.0,,,100.0,2,10,mises-fisher,10,0.2,0.35,0.0,0.96,3,28.0,1.0,2.00204,2.00843,4.83528,0.74811,0.87286,0.87688,0.3551,0.13231,0.13199
Set5_new,sim010_30,0.3,300,300,400,2,3,constant,100.0,,,100.0,2,10,mises-fisher,10,0.2,0.35,0.0,0.96,4,32.0,1.0,2.02402,2.03075,5.15136,0.75592,0.88922,0.89353,0.35622,0.12619,0.12586
Set5_new,sim010_30,0.3,300,300,400,2,3,constant,100.0,,,100.0,2,10,mises-fisher,10,0.2,0.35,0.0,0.96,5,40.0,1.0,2.0571,2.06434,5.69409,0.76768,0.915,0.91977,0.35784,0.11701,0.11666
Set5_new,sim010_30,0.3,300,300,400,2,3,constant,100.0,,,100.0,2,10,mises-fisher,10,0.2,0.35,0.0,0.96,6,48.0,1.0,2.08101,2.08866,6.14476,0.77621,0.9346,0.93973,0.35894,0.11042,0.11007
Set5_new,sim011_10,0.1,400,400,600,2,3,constant,200.0,,,200.0,2,10,mises-fisher,10,0.2,0.35,0.0,0.96,0,4.0,1.0,1.14033,1.14093,1.24627,0.42641,0.43546,0.43537,0.3352,0.29492,0.29474
Set5_new,sim011_10,0.1,400,400,600,2,3,constant,200.0,,,200.0,2,10,mises-fisher,10,0.2,0.35,0.0,0.96,1,12.0,1.0,1.23224,1.23416,1.74522,0.45185,0.48115,0.48029,0.3594,0.23101,0.23021
Set5_new,sim011_10,0.1,400,400,600,2,3,constant,200.0,,,200.0,2,10,mises-fisher,10,0.2,0.35,0.0,0.96,2,20.0,1.0,1.26503,1.26765,2.13408,0.45913,0.50098,0.49936,0.37283,0.19688,0.19564
Set5_new,sim011_10,0.1,400,400,600,2,3,constant,200.0,,,200.0,2,10,mises-fisher,10,0.2,0.35,0.0,0.96,3,28.0,1.0,1.28291,1.28597,2.45273,0.46273,0.51358,0.51131,0.38115,0.17595,0.17441
Set5_new,sim011_10,0.1,400,400,600,2,3,constant,200.0,,,200.0,2,10,mises-fisher,10,0.2,0.35,0.0,0.96,4,32.0,1.0,1.28921,1.29243,2.5921,0.46395,0.51848,0.51593,0.38422,0.16825,0.16659
Set5_new,sim011_10,0.1,400,400,600,2,3,constant,200.0,,,200.0,2,10,mises-fisher,10,0.2,0.35,0.0,0.96,5,40.0,1.0,1.29878,1.30226,2.83926,0.46576,0.52653,0.52346,0.38899,0.15629,0.15442
Set5_new,sim011_10,0.1,400,400,600,2,3,constant,200.0,,,200.0,2,10,mises-fisher,10,0.2,0.35,0.0,0.96,6,48.0,1.0,1.30576,1.30943,3.0522,0.46706,0.53295,0.52943,0.39253,0.14741,0.14539
Set5_new,sim011_20,0.2,400,400,600,2,3,constant,200.0,,,200.0,2,10,mises-fisher,10,0.2,0.35,0.0,0.96,0,4.0,1.0,1.29631,1.29457,1.49938,0.48418,0.50256,0.50103,0.33461,0.27164,0.27138
Set5_new,sim011_20,0.2,400,400,600,2,3,constant,200.0,,,200.0,2,10,mises-fisher,10,0.2,0.35,0.0,0.96,1,12.0,1.0,1.49754,1.49325,2.54605,0.54627,0.60815,0.60335,0.36155,0.18908,0.18811
Set5_new,sim011_20,0.2,400,400,600,2,3,constant,200.0,,,200.0,2,10,mises-fisher,10,0.2,0.35,0.0,0.96,2,20.0,1.0,1.5656,1.56033,3.39359,0.56532,0.65508,0.64834,0.37369,0.15197,0.15063
Set5_new,sim011_20,0.2,400,400,600,2,3,constant,200.0,,,200.0,2,10,mises-fisher,10,0.2,0.35,0.0,0.96,3,28.0,1.0,1.6013,1.59549,4.11016,0.57498,0.68517,0.67702,0.38045,0.13109,0.12952
Set5_new,sim011_20,0.2,400,400,600,2,3,constant,200.0,,,200.0,2,10,mises-fisher,10,0.2,0.35,0.0,0.96,4,32.0,1.0,1.61365,1.60763,4.43009,0.57828,0.69694,0.68821,0.38281,0.12373,0.12208
Set5_new,sim011_20,0.2,400,400,600,2,3,constant,200.0,,,200.0,2,10,mises-fisher,10,0.2,0.35,0.0,0.96,5,40.0,1.0,1.63219,1.62586,5.00755,0.58322,0.71639,0.70666,0.38633,0.11261,0.11083
Set5_new,sim011_20,0.2,400,400,600,2,3,constant,200.0,,,200.0,2,10,mises-fisher,10,0.2,0.35,0.0,0.96,6,48.0,1.0,1.64558,1.639,5.51566,0.58679,0.73206,0.72149,0.38883,0.1046,0.10272
Set5_new,sim011_30,0.3,400,400,600,2,3,constant,200.0,,,200.0,2,10,mises-fisher,10,0.2,0.35,0.0,0.96,0,4.0,1.0,1.4747,1.46965,1.75948,0.55382,0.57921,0.57696,0.32943,0.25616,0.2562
Set5_new,sim011_30,0.3,400,400,600,2,3,constant,200.0,,,200.0,2,10,mises-fisher,10,0.2,0.35,0.0,0.96,1,12.0,1.0,1.83153,1.81606,3.39749,0.67502,0.76804,0.76189,0.35191,0.1685,0.16858
Set5_new,sim011_30,0.3,400,400,600,2,3,constant,200.0,,,200.0,2,10,mises-fisher,10,0.2,0.35,0.0,0.96,2,20.0,1.0,1.95704,1.93674,4.76767,0.7161,0.85564,0.84804,0.36061,0.13178,0.13201
Set5_new,sim011_30,0.3,400,400,600,2,3,constant,200.0,,,200.0,2,10,mises-fisher,10,0.2,0.35,0.0,0.96,3,28.0,1.0,2.02373,2.00063,5.9598,0.73775,0.91236,0.90417,0.3651,0.11169,0.11204
Set5_new,sim011_30,0.3,400,400,600,2,3,constant,200.0,,,200.0,2,10,mises-fisher,10,0.2,0.35,0.0,0.96,4,32.0,1.0,2.04694,2.02282,6.50269,0.74528,0.93465,0.92631,0.36659,0.1047,0.10508
Set5_new,sim011_30,0.3,400,400,600,2,3,constant,200.0,,,200.0,2,10,mises-fisher,10,0.2,0.35,0.0,0.96,5,40.0,1.0,2.08195,2.05627,7.49999,0.75667,0.97162,0.96315,0.36873,0.09422,0.09467
Set5_new,sim011_30,0.3,400,400,600,2,3,constant,200.0,,,200.0,2,10,mises-fisher,10,0.2,0.35,0.0,0.96,6,48.0,1.0,2.10738,2.08053,8.39682,0.76497,1.00154,0.99308,0.37016,0.08672,0.08722
Set5_new,sim012_10,0.1,300,300,1500,2,3,exponential,,10.0,90.0,100.0,2,10,mises-fisher,10,0.2,0.35,0.0,0.66,0,4.0,1.0,1.14262,1.14034,1.19767,0.42986,0.43985,0.43859,0.32771,0.30795,0.30794
Set5_new,sim012_10,0.1,300,300,1500,2,3,exponential,,10.0,90.0,100.0,2,10,mises-fisher,10,0.2,0.35,0.0,0.66,1,12.0,1.0,1.239,1.23344,1.47938,0.46265,0.49951,0.49574,0.3353,0.27497,0.27442
Set5_new,sim012_10,0.1,300,300,1500,2,3,exponential,,10.0,90.0,100.0,2,10,mises-fisher,10,0.2,0.35,0.0,0.66,2,20.0,1.0,1.27536,1.26856,1.65716,0.47427,0.52982,0.5245,0.33964,0.25692,0.25583
Set5_new,sim012_10,0.1,300,300,1500,2,3,exponential,,10.0,90.0,100.0,2,10,mises-fisher,10,0.2,0.35,0.0,0.66,3,28.0,1.0,1.29653,1.28902,1.78816,0.48089,0.55044,0.54399,0.34239,0.24536,0.24383
Set5_new,sim012_10,0.1,300,300,1500,2,3,exponential,,10.0,90.0,100.0,2,10,mises-fisher,10,0.2,0.35,0.0,0.66,4,32.0,1.0,1.30435,1.29658,1.84242,0.48332,0.5587,0.55178,0.34341,0.24098,0.23926
Set5_new,sim012_10,0.1,300,300,1500,2,3,exponential,,10.0,90.0,100.0,2,10,mises-fisher,10,0.2,0.35,0.0,0.66,5,40.0,1.0,1.31671,1.30853,1.93501,0.48715,0.57248,0.56478,0.34503,0.23399,0.23193
Set5_new,sim012_10,0.1,300,300,1500,2,3,exponential,,10.0,90.0,100.0,2,10,mises-fisher,10,0.2,0.35,0.0,0.66,6,48.0,1.0,1.32617,1.31766,2.01161,0.49008,0.58365,0.57532,0.34623,0.22863,0.2263
Set5_new,sim012_20,0.2,300,300,1500,2,3,exponential,,10.0,90.0,100.0,2,10,mises-fisher,10,0.2,0.35,0.0,0.66,0,4.0,1.0,1.2991,1.29866,1.40551,0.49152,0.50965,0.50919,0.32227,0.29202,0.29191
Set5_new,sim012_20,0.2,300,300,1500,2,3,exponential,,10.0,90.0,100.0,2,10,mises-fisher,10,0.2,0.35,0.0,0.66,1,12.0,1.0,1.51507,1.51439,2.00464,0.5717,0.64348,0.64125,0.32868,0.246,0.24524
Set5_new,sim012_20,0.2,300,300,1500,2,3,exponential,,10.0,90.0,100.0,2,10,mises-fisher,10,0.2,0.35,0.0,0.66,2,20.0,1.0,1.59747,1.59699,2.39385,0.60251,0.71408,0.71018,0.33163,0.22352,0.22219
Set5_new,sim012_20,0.2,300,300,1500,2,3,exponential,,10.0,90.0,100.0,2,10,mises-fisher,10,0.2,0.35,0.0,0.66,3,28.0,1.0,1.64557,1.64532,2.68754,0.62074,0.76329,0.7579,0.33321,0.20999,0.20821
Set5_new,sim012_20,0.2,300,300,1500,2,3,exponential,,10.0,90.0,100.0,2,10,mises-fisher,10,0.2,0.35,0.0,0.66,4,32.0,1.0,1.66341,1.66326,2.81114,0.62758,0.78331,0.77724,0.33373,0.20501,0.20304
Set5_new,sim012_20,0.2,300,300,1500,2,3,exponential,,10.0,90.0,100.0,2,10,mises-fisher,10,0.2,0.35,0.0,0.66,5,40.0,1.0,1.69178,1.69178,3.02497,0.63854,0.81724,0.80991,0.33446,0.19723,0.19495
Set5_new,sim012_20,0.2,300,300,1500,2,3,exponential,,10.0,90.0,100.0,2,10,mises-fisher,10,0.2,0.35,0.0,0.66,6,48.0,1.0,1.71367,1.71379,3.20489,0.64707,0.84522,0.83678,0.33492,0.19141,0.18888
Set5_new,sim012_30,0.3,300,300,1500,2,3,exponential,,10.0,90.0,100.0,2,10,mises-fisher,10,0.2,0.35,0.0,0.66,0,4.0,1.0,1.45771,1.45942,1.58672,0.55523,0.58327,0.58324,0.31236,0.28524,0.28444
Set5_new,sim012_30,0.3,300,300,1500,2,3,exponential,,10.0,90.0,100.0,2,10,mises-fisher,10,0.2,0.35,0.0,0.66,1,12.0,1.0,1.84487,1.83931,2.58952,0.69996,0.80351,0.79963,0.31782,0.22536,0.2247
Set5_new,sim012_30,0.3,300,300,1500,2,3,exponential,,10.0,90.0,100.0,2,10,mises-fisher,10,0.2,0.35,0.0,0.66,2,20.0,1.0,2.03614,2.02522,3.27311,0.77327,0.94239,0.93719,0.31634,0.20152,0.20071
Set5_new,sim012_30,0.3,300,300,1500,2,3,exponential,,10.0,90.0,100.0,2,10,mises-fisher,10,0.2,0.35,0.0,0.66,3,28.0,1.0,2.12724,2.11282,3.76321,0.80834,1.02567,1.01944,0.31505,0.1889,0.18781
Set5_new,sim012_30,0.3,300,300,1500,2,3,exponential,,10.0,90.0,100.0,2,10,mises-fisher,10,0.2,0.35,0.0,0.66,4,32.0,1.0,2.15931,2.14353,3.97893,0.82047,1.05735,1.05041,0.31487,0.18385,0.18264
Set5_new,sim012_30,0.3,300,300,1500,2,3,exponential,,10.0,90.0,100.0,2,10,mises-fisher,10,0.2,0.35,0.0,0.66,5,40.0,1.0,2.20842,2.19059,4.36497,0.83883,1.1079,1.09946,0.31502,0.17537,0.17393
Set5_new,sim012_30,0.3,300,300,1500,2,3,exponential,,10.0,90.0,100.0,2,10,mises-fisher,10,0.2,0.35,0.0,0.66,6,48.0,1.0,2.24482,2.22555,4.70047,0.85234,1.14671,1.13676,0.31549,0.16855,0.1669
