model,variant,distribution,target,n_terms,train_r2,train_mape,cv_r2,cv_mape,test_mape,test_max
Gaussian process,,constant,E1_Em,,0.9999999999999939,8.879397480979744e-07,0.9998197539256393,0.131434217581023,0.7068538139813512,3.335073352290191
Gaussian process,,constant,E2_Em,,0.9999999999999936,8.891694585230045e-07,0.9998484668082964,0.12359565592605949,0.776061582109692,2.956049328978591
Gaussian process,,constant,E3_Em,,0.9999611007268387,0.16315415156908578,0.9997737776184458,0.3979831064460755,1.0929664221483752,3.5526262958798256
Gaussian process,,constant,G12_Em,,0.9999999999999927,9.137883770278854e-07,0.9998319968176145,0.12316990014795434,0.8017637387706895,3.8373689423407105
Gaussian process,,constant,G13_Em,,0.999999999999994,1.0517634540707828e-06,0.9997722264297377,0.17920207790962256,1.0189169255007837,2.288448920397119
Gaussian process,,constant,G23_Em,,0.9999999999999936,1.0337114754111233e-06,0.9997860035742755,0.16675993839378553,1.2474249142544453,3.728882128971456
Gaussian process,,constant,v12,,0.9999999999999971,1.9068882146642447e-07,0.9994907021050523,0.06997589757177405,0.7687767982821936,2.6205081532226706
Gaussian process,,constant,v13,,0.9999999999999888,2.828117495630209e-06,0.9999222332665204,0.17159476092647402,1.0749085682367023,3.6111555387479526
Gaussian process,,constant,v23,,0.9999999999999895,2.68369218412282e-06,0.9999181476241142,0.17101792596769144,1.37268841129071,3.7668433912234542
Gaussian process,,exponential,E1_Em,,0.9999999999999959,6.641426848899862e-07,0.9997459553313874,0.14470553241296308,0.7132776221552292,2.248618716452906
Gaussian process,,exponential,E2_Em,,0.9999999999999958,7.034617479754665e-07,0.9997365647344385,0.1564455179144108,0.7684207144081151,2.135069323615557
Gaussian process,,exponential,E3_Em,,0.99999999999999,2.5946698898342206e-06,0.9993953412560039,0.45721390006856844,2.6586887084698043,6.651180504754987
Gaussian process,,exponential,G12_Em,,0.999999999999996,6.56328499812138e-07,0.9997464419070877,0.14752655466841783,0.7648427147856329,2.8701071708381156
Gaussian process,,exponential,G13_Em,,0.9999999999999954,8.90432638127877e-07,0.9994058135122244,0.23665754134792025,0.7066890618145335,2.3638032701090355
Gaussian process,,exponential,G23_Em,,0.999999999999996,8.375497811451432e-07,0.9996297837238267,0.2126155578402167,0.9949727441394782,2.7169261415572956
Gaussian process,,exponential,v12,,0.9999999999999974,1.8961622522108578e-07,0.9987326283064605,0.1090381001293757,1.0501961016658035,2.539230571889554
Gaussian process,,exponential,v13,,0.999999999999994,2.092345526142839e-06,0.9996300850365039,0.3219208835662607,2.6578583692451536,7.5143713926141125
Gaussian process,,exponential,v23,,0.9999999999999941,2.0829218679642066e-06,0.9996318566913952,0.3216750817608358,2.9948588300327494,6.711660496476686
Polynomial deg 2,all terms,constant,E1_Em,21.0,0.9802929772485025,1.9502769213252817,0.9794695131126654,1.9879391484831528,1.9912202237687482,4.502476595636798
Polynomial deg 2,all terms,constant,E2_Em,21.0,0.9805671741219635,1.9308509674297716,0.9798101465574874,1.9673836592670777,2.0613335805863087,4.4763534206051725
Polynomial deg 2,all terms,constant,E3_Em,21.0,0.9861921704879463,5.453105807662056,0.9855050984719378,5.570556402611895,4.230234829676075,15.67093364506644
Polynomial deg 2,all terms,constant,G12_Em,21.0,0.9808359881135733,1.9084975495645962,0.980054914405332,1.944325392005641,2.164346153129213,5.2082889903984455
Polynomial deg 2,all terms,constant,G13_Em,21.0,0.9820680143137714,2.427285030270821,0.9812956462614794,2.47980418888042,2.851537633349026,5.997167585826652
Polynomial deg 2,all terms,constant,G23_Em,21.0,0.9823646723067474,2.410696231614233,0.9816419820812365,2.4596905225332386,3.0750989443306063,6.74584567726964
Polynomial deg 2,all terms,constant,v12,21.0,0.9542568522700703,0.8690352710128426,0.9524422986785397,0.8847532910283853,0.9877195015104906,2.7676091431749175
Polynomial deg 2,all terms,constant,v13,21.0,0.9766666853035473,4.03039008844834,0.9757637944068678,4.104062891278079,3.2442949845730795,6.578415196998383
Polynomial deg 2,all terms,constant,v23,21.0,0.9763621990538031,4.040673035416907,0.9754660027112206,4.116050971059388,3.5117404557674083,7.93411726998575
Polynomial deg 2,all terms,exponential,E1_Em,21.0,0.9794514680187849,1.9661712725854152,0.9786443526395986,2.002293199008883,1.471468629997002,6.342428027190283
Polynomial deg 2,all terms,exponential,E2_Em,21.0,0.9795123294650875,1.965332600393663,0.9787524377942727,2.001815708577968,1.408875154959535,6.851480000998696
Polynomial deg 2,all terms,exponential,E3_Em,21.0,0.9755858293754556,5.698966936615649,0.9745741340984904,5.810522940636755,6.025489058639839,13.8062239366189
Polynomial deg 2,all terms,exponential,G12_Em,21.0,0.9785399574341402,1.9879186765023749,0.9777215700514554,2.023562834295324,1.308069807679577,6.497466618224996
Polynomial deg 2,all terms,exponential,G13_Em,21.0,0.9811073708149494,2.4132739670367194,0.9803016925102344,2.462012182119713,1.9652329168395724,9.414681169646418
Polynomial deg 2,all terms,exponential,G23_Em,21.0,0.9808030364335861,2.4065315623221077,0.9800467392698713,2.4547522791919523,1.7593574327670962,10.13076083084243
Polynomial deg 2,all terms,exponential,v12,21.0,0.9225028395906146,1.1555664882366212,0.9202323096985354,1.1743092405873343,1.0504336085117751,3.3011137259664993
Polynomial deg 2,all terms,exponential,v13,21.0,0.97008393541366,4.894232018929962,0.9689552261332766,4.983576452317795,4.681416066716794,10.901351766874527
Polynomial deg 2,all terms,exponential,v23,21.0,0.9691120588328819,5.005966594044255,0.9679569060105344,5.095972808944875,4.891344263708627,9.41993335930073
Polynomial deg 2,determined terms,constant,E1_Em,21.0,0.9802929772485025,1.9502769213252817,0.9794695131126654,1.9879391484831528,1.9912202237687482,4.502476595636798
Polynomial deg 2,determined terms,constant,E2_Em,21.0,0.9805671741219635,1.9308509674297716,0.9798101465574874,1.9673836592670777,2.0613335805863087,4.4763534206051725
Polynomial deg 2,determined terms,constant,E3_Em,21.0,0.9861921704879463,5.453105807662056,0.9855050984719378,5.570556402611895,4.230234829676075,15.67093364506644
Polynomial deg 2,determined terms,constant,G12_Em,21.0,0.9808359881135733,1.9084975495645962,0.980054914405332,1.944325392005641,2.164346153129213,5.2082889903984455
Polynomial deg 2,determined terms,constant,G13_Em,21.0,0.9820680143137714,2.427285030270821,0.9812956462614794,2.47980418888042,2.851537633349026,5.997167585826652
Polynomial deg 2,determined terms,constant,G23_Em,21.0,0.9823646723067474,2.410696231614233,0.9816419820812365,2.4596905225332386,3.0750989443306063,6.74584567726964
Polynomial deg 2,determined terms,constant,v12,21.0,0.9542568522700703,0.8690352710128426,0.9524422986785397,0.8847532910283853,0.9877195015104906,2.7676091431749175
Polynomial deg 2,determined terms,constant,v13,21.0,0.9766666853035473,4.03039008844834,0.9757637944068678,4.104062891278079,3.2442949845730795,6.578415196998383
Polynomial deg 2,determined terms,constant,v23,21.0,0.9763621990538031,4.040673035416907,0.9754660027112206,4.116050971059388,3.5117404557674083,7.93411726998575
Polynomial deg 2,determined terms,exponential,E1_Em,21.0,0.9794514680187849,1.9661712725854152,0.9786443526395986,2.002293199008883,1.471468629997002,6.342428027190283
Polynomial deg 2,determined terms,exponential,E2_Em,21.0,0.9795123294650875,1.965332600393663,0.9787524377942727,2.001815708577968,1.408875154959535,6.851480000998696
Polynomial deg 2,determined terms,exponential,E3_Em,21.0,0.9755858293754556,5.698966936615649,0.9745741340984904,5.810522940636755,6.025489058639839,13.8062239366189
Polynomial deg 2,determined terms,exponential,G12_Em,21.0,0.9785399574341402,1.9879186765023749,0.9777215700514554,2.023562834295324,1.308069807679577,6.497466618224996
Polynomial deg 2,determined terms,exponential,G13_Em,21.0,0.9811073708149494,2.4132739670367194,0.9803016925102344,2.462012182119713,1.9652329168395724,9.414681169646418
Polynomial deg 2,determined terms,exponential,G23_Em,21.0,0.9808030364335861,2.4065315623221077,0.9800467392698713,2.4547522791919523,1.7593574327670962,10.13076083084243
Polynomial deg 2,determined terms,exponential,v12,21.0,0.9225028395906146,1.1555664882366212,0.9202323096985354,1.1743092405873343,1.0504336085117751,3.3011137259664993
Polynomial deg 2,determined terms,exponential,v13,21.0,0.97008393541366,4.894232018929962,0.9689552261332766,4.983576452317795,4.681416066716794,10.901351766874527
Polynomial deg 2,determined terms,exponential,v23,21.0,0.9691120588328819,5.005966594044255,0.9679569060105344,5.095972808944875,4.891344263708627,9.41993335930073
Polynomial deg 3,all terms,constant,E1_Em,56.0,0.9961080578503068,0.8591084240051904,0.9956816567325356,0.9032583010313073,1445112031840.6216,2357503693946.1284
Polynomial deg 3,all terms,constant,E2_Em,56.0,0.9961677134363975,0.8400945664135712,0.9957763505359774,0.8781950679635646,1903244170783.4666,3115676621186.5303
Polynomial deg 3,all terms,constant,E3_Em,56.0,0.9989944718598004,1.4088891586156675,0.9988543778021192,1.4874947630723432,2870405160841.803,6973078509518.956
Polynomial deg 3,all terms,constant,G12_Em,56.0,0.9961666154813617,0.8456283894682998,0.9957427428343293,0.8854865890935266,1434121890775.6982,2379765120855.016
Polynomial deg 3,all terms,constant,G13_Em,56.0,0.9964896666088572,1.0281719951318382,0.9960749611455333,1.0839434025944323,1715254392471.1252,2938830444706.005
Polynomial deg 3,all terms,constant,G23_Em,56.0,0.9966369453832863,1.0211695631613358,0.9962829931694834,1.0675990211345203,2262174917904.518,3842906820018.7563
Polynomial deg 3,all terms,constant,v12,56.0,0.9843498743347413,0.5004770427110273,0.9830895471097894,0.5210781416667625,290066112476.1534,511015389902.93384
Polynomial deg 3,all terms,constant,v13,56.0,0.9969889332378971,1.4466723466246223,0.9967000051652875,1.5124444696964456,1049919748033.5992,2168081352382.721
Polynomial deg 3,all terms,constant,v23,56.0,0.9968353433909855,1.4823717246836388,0.9965445191604587,1.5476462098991384,811361079373.547,1699440672053.9692
Polynomial deg 3,all terms,exponential,E1_Em,56.0,0.9952565013381985,0.9210226647567283,0.9947563645606705,0.9678939221099301,1233332379263.8428,2572255516868.102
Polynomial deg 3,all terms,exponential,E2_Em,56.0,0.995364467031158,0.9089929029065743,0.9949472049560181,0.9467954352217016,1323905388493.6733,2738462044184.8677
Polynomial deg 3,all terms,exponential,E3_Em,56.0,0.9873717525243089,3.2309427289932717,0.9860887572015736,3.4021068637862495,1105320406514.7805,2909859892466.962
Polynomial deg 3,all terms,exponential,G12_Em,56.0,0.9942418118220999,1.0015913313404603,0.9936726299381234,1.049630916429952,1557665321624.0044,3229491126837.534
Polynomial deg 3,all terms,exponential,G13_Em,56.0,0.9949552957013881,1.1218927259442844,0.9944372267765405,1.181965010908939,1280705387828.0532,2746242625662.641
Polynomial deg 3,all terms,exponential,G23_Em,56.0,0.9949345356786244,1.127667816199273,0.9944868778166093,1.1800526216804001,1315292102005.331,2806815855526.5024
Polynomial deg 3,all terms,exponential,v12,56.0,0.9564374577168038,0.8187280974129392,0.9532018338737956,0.8495324648160562,183893112612.36887,326197820699.8541
Polynomial deg 3,all terms,exponential,v13,56.0,0.9910439764386315,2.6519980928453877,0.9902716361281518,2.760522377617478,1112980500687.9236,2337062821379.057
Polynomial deg 3,all terms,exponential,v23,56.0,0.9908359702978311,2.720657874865126,0.9900388006998937,2.8310064887690345,853585561756.693,1789633854075.287
Polynomial deg 3,determined terms,constant,E1_Em,54.0,0.9961075547658939,0.8589960396601118,0.9956822092106906,0.9031335827031571,1.033594861723444,2.7380353061605573
Polynomial deg 3,determined terms,constant,E2_Em,54.0,0.9961671842741249,0.8398843412129934,0.9957764961078676,0.878035176187752,1.066447026543324,2.2242572395448295
Polynomial deg 3,determined terms,constant,E3_Em,54.0,0.9989946433484663,1.4095700474744934,0.9988542347236818,1.4873965026650606,1.27417521618512,4.444944818217249
Polynomial deg 3,determined terms,constant,G12_Em,54.0,0.9961671163021547,0.8453915983725233,0.9957429006971211,0.8854217239696531,1.1166005579322946,3.347087317542817
Polynomial deg 3,determined terms,constant,G13_Em,54.0,0.9964901035150447,1.0280389773578318,0.9960754804517441,1.0838726116129929,1.324395386584649,3.6797050454915863
Polynomial deg 3,determined terms,constant,G23_Em,54.0,0.9966369702538679,1.0210187163818696,0.996283704418624,1.0673851564716423,1.5748923687314615,3.6323580832548554
Polynomial deg 3,determined terms,constant,v12,54.0,0.9843505018295464,0.5005013805434959,0.9830897528167087,0.5211033907691021,0.7506382550649249,2.594330175832929
Polynomial deg 3,determined terms,constant,v13,54.0,0.9969890505813204,1.446743802563057,0.9966998249072686,1.5123748673981652,1.6592158359206146,5.913653292645805
Polynomial deg 3,determined terms,constant,v23,54.0,0.9968350738983717,1.4826046325514237,0.9965443706740051,1.5474137352173327,1.7959815568017732,5.887372660801133
Polynomial deg 3,determined terms,exponential,E1_Em,54.0,0.9952566531063198,0.9207643500205415,0.9947577614631816,0.967746050170208,1.0680708492126179,2.2028084334927804
Polynomial deg 3,determined terms,exponential,E2_Em,54.0,0.9953642815739836,0.9088548916078014,0.9949474526123372,0.94677304963685,1.0558938395753097,2.6342965945932746
Polynomial deg 3,determined terms,exponential,E3_Em,54.0,0.9873715892079274,3.2311423136729966,0.9860893558570557,3.40298435200575,3.491178784687219,9.45515034258884
Polynomial deg 3,determined terms,exponential,G12_Em,54.0,0.9942423407568491,1.0012966357914086,0.9936722891065938,1.0497315244167686,1.0652851820393183,2.606384884385112
Polynomial deg 3,determined terms,exponential,G13_Em,54.0,0.994955331987359,1.121768279660051,0.9944370740303905,1.1818939666306154,1.2228673692463912,2.342646584404405
Polynomial deg 3,determined terms,exponential,G23_Em,54.0,0.9949339868120057,1.127763635681158,0.994487424310733,1.1800815220633465,1.3147871538016713,3.202281246377848
Polynomial deg 3,determined terms,exponential,v12,54.0,0.9564371262756081,0.8187277580979662,0.9532062137490067,0.8494985345780023,1.0503647449390436,3.5833954498174334
Polynomial deg 3,determined terms,exponential,v13,54.0,0.9910441759227364,2.65204910505565,0.9902726557483831,2.75994622375632,2.686772412583577,6.840869682289698
Polynomial deg 3,determined terms,exponential,v23,54.0,0.990836430701582,2.720608041410556,0.9900388498916762,2.830914815879931,2.869847143860852,6.105325113404178
Polynomial deg 4,all terms,constant,E1_Em,126.0,0.9989295793398311,0.4427744327382268,0.9986636765885342,0.4934847303468502,711459936859.0272,1521897453772.178
Polynomial deg 4,all terms,constant,E2_Em,126.0,0.9989608044273356,0.4242055273329779,0.9987145610877624,0.47191036491249216,506276745535.5129,1086154150372.094
Polynomial deg 4,all terms,constant,E3_Em,126.0,0.99973788709547,0.6510033888030773,0.9996652069479096,0.7286017241362802,19763836095.957687,48948805736.32
Polynomial deg 4,all terms,constant,G12_Em,126.0,0.9989828057136697,0.4139869791801439,0.9987283020624891,0.45941846777750744,796447840657.2555,1730725498213.775
Polynomial deg 4,all terms,constant,G13_Em,126.0,0.9986402812148123,0.6022295856717171,0.9982751782682037,0.6736895660742841,437358880669.8328,975103313988.4194
Polynomial deg 4,all terms,constant,G23_Em,126.0,0.998808239548586,0.5725179926131968,0.9985265617192826,0.6358532397154756,487674165880.33453,1077252939544.3212
Polynomial deg 4,all terms,constant,v12,126.0,0.991693167268926,0.3602889649857279,0.9900115048334371,0.3961813312692396,312813589764.70935,583958742191.8013
Polynomial deg 4,all terms,constant,v13,126.0,0.9994673662711437,0.6149187437737809,0.9993329101036713,0.6866478566608188,1492143273000.8616,3471427799935.4
Polynomial deg 4,all terms,constant,v23,126.0,0.9993802740432204,0.6682866597771197,0.9992226665674738,0.7452267796324342,978775466377.5956,2233315922833.796
Polynomial deg 4,all terms,exponential,E1_Em,126.0,0.9982134179826003,0.5206947378708111,0.9978367647103009,0.5757279167383165,751801933966.702,2255132455655.4316
Polynomial deg 4,all terms,exponential,E2_Em,126.0,0.998278630328456,0.5088671546568386,0.9979365046491969,0.5623019465876236,315220029755.1709,938797003310.3612
Polynomial deg 4,all terms,exponential,E3_Em,126.0,0.9910252377739838,2.6442313717443455,0.9889601865610131,2.8975556820375585,898017846788.0769,3393325091906.5054
Polynomial deg 4,all terms,exponential,G12_Em,126.0,0.9974699574357944,0.6229753344464177,0.9969481499988024,0.6850886025496782,445367907120.756,1328736688783.4019
Polynomial deg 4,all terms,exponential,G13_Em,126.0,0.9972750367240469,0.7092038627705577,0.9967165126008015,0.7810938521995526,594219248184.9988,1824660712503.613
Polynomial deg 4,all terms,exponential,G23_Em,126.0,0.9974252928074283,0.7296094680963974,0.996901105454567,0.8056525712840937,87718261299.63585,268240699437.71545
Polynomial deg 4,all terms,exponential,v12,126.0,0.9686514904362062,0.6938587799719422,0.9629694610353122,0.7557500009318118,32935766992.867348,84935016121.32533
Polynomial deg 4,all terms,exponential,v13,126.0,0.9948836566133435,1.993651604862782,0.9939366612115553,2.1686497980479142,55064973108.50237,131657719604.97533
Polynomial deg 4,all terms,exponential,v23,126.0,0.9946230724937927,2.0766499552815705,0.9936249253564424,2.2608921688192387,242626428362.31403,578895956099.5063
Polynomial deg 4,determined terms,constant,E1_Em,113.0,0.998929525854746,0.44267893610862735,0.9986637238503688,0.49349825240388573,0.7471216653831211,3.045557284564613
Polynomial deg 4,determined terms,constant,E2_Em,113.0,0.9989608274961622,0.4241422808638975,0.9987144252705065,0.47188684337735587,0.7167004791085997,2.268412594789385
Polynomial deg 4,determined terms,constant,E3_Em,113.0,0.9997378870277246,0.6510011382411406,0.9996651115449529,0.7286571783911788,1.0742473535265942,3.7721767021612327
Polynomial deg 4,determined terms,constant,G12_Em,113.0,0.9989826999255726,0.41393543524413207,0.9987282649619146,0.45937044586397474,0.7065502658148511,3.793551279329205
Polynomial deg 4,determined terms,constant,G13_Em,113.0,0.998640200383116,0.6021508445006625,0.9982749580331827,0.6737298212351114,0.8065059654108719,2.1816832336884002
Polynomial deg 4,determined terms,constant,G23_Em,113.0,0.9988081827366071,0.5725296524138164,0.9985263151396805,0.6358722008455875,1.0134584947776186,3.57571845116745
Polynomial deg 4,determined terms,constant,v12,113.0,0.991693360283047,0.3602999394908963,0.9900127654358004,0.3961428383058475,0.6125599407905605,2.563452107680364
Polynomial deg 4,determined terms,constant,v13,113.0,0.9994674844001818,0.6150114562656838,0.9993327491694745,0.6866955523633808,1.1771351089172244,4.070814861387867
Polynomial deg 4,determined terms,constant,v23,113.0,0.9993803016902295,0.6684882389752492,0.9992226131497651,0.7451860052493047,1.253786871766415,4.284230323892606
Polynomial deg 4,determined terms,exponential,E1_Em,113.0,0.9982135767431096,0.5207540045294293,0.9978372826774868,0.5755804187864623,0.5456294495190692,1.4254733475363464
Polynomial deg 4,determined terms,exponential,E2_Em,113.0,0.9982785473859,0.5089374864517345,0.9979369411498688,0.5622689673473271,0.7898654002188071,2.0551521333387828
Polynomial deg 4,determined terms,exponential,E3_Em,113.0,0.9910253446547773,2.6442861651584524,0.9889613627401378,2.8976402743505267,2.7851484493852467,7.462722948833611
Polynomial deg 4,determined terms,exponential,G12_Em,113.0,0.997470008645177,0.6229811673707963,0.9969481638955996,0.6850657621667581,0.7828709278721842,2.1802406864014947
Polynomial deg 4,determined terms,exponential,G13_Em,113.0,0.9972750161084984,0.709241468623181,0.9967169552404791,0.780979208673144,0.7544954780364961,1.6412959156120923
Polynomial deg 4,determined terms,exponential,G23_Em,113.0,0.997425296960899,0.7296183010615639,0.9969017198377748,0.8055884260994906,1.0494545777504265,3.4635551353251555
Polynomial deg 4,determined terms,exponential,v12,113.0,0.9686515567098197,0.6938616255170735,0.9629713051915458,0.7557392421372517,1.0803092931695921,3.423148731412018
Polynomial deg 4,determined terms,exponential,v13,113.0,0.994883648118521,1.9936505447746806,0.9939360641182458,2.168517821144106,2.462660873118968,7.594729602420467
Polynomial deg 4,determined terms,exponential,v23,113.0,0.9946231024479557,2.0766414259473134,0.9936252534434176,2.2605743368151865,2.812081398086276,6.613868017528882
Polynomial deg 5,all terms,constant,E1_Em,252.0,0.9994869989655523,0.29692247905749697,0.9992486892341939,0.35612186473949314,3241483733438.1,6609117013321.57
Polynomial deg 5,all terms,constant,E2_Em,252.0,0.9995148100890252,0.2869126702248326,0.9992809792381845,0.34500216569468795,858475414801.784,1744145933459.0793
Polynomial deg 5,all terms,constant,E3_Em,252.0,0.9998774555270215,0.4053627108837226,0.9998104632738003,0.5046653325290824,2983336452892.391,7642075742177.11
Polynomial deg 5,all terms,constant,G12_Em,252.0,0.9995467905769188,0.2755606931247998,0.9993259375412843,0.33050972973645,1368026090191.2273,2699852138553.858
Polynomial deg 5,all terms,constant,G13_Em,252.0,0.9991970861135753,0.45967397086513007,0.9987987977546052,0.5544998161121447,2951783689878.397,5908327930374.4375
Polynomial deg 5,all terms,constant,G23_Em,252.0,0.9992928297845908,0.43096539964672603,0.9989535173254344,0.5226819883921968,187789029309.44247,394958408069.39886
Polynomial deg 5,all terms,constant,v12,252.0,0.9951961508719447,0.2650005915860114,0.9930758411259875,0.31883634363635005,1556965240254.031,3638282075818.3823
Polynomial deg 5,all terms,constant,v13,252.0,0.999791428400666,0.3860778847975105,0.9996997672510005,0.46445609533673127,1600652893014.4597,3216014908376.232
Polynomial deg 5,all terms,constant,v23,252.0,0.9997391007767371,0.43649190326910237,0.999615100614818,0.5273464834965504,3459296637518.631,6876262835169.111
Polynomial deg 5,all terms,exponential,E1_Em,252.0,0.998875796333433,0.40284576514357856,0.9984178731670497,0.48102894243857947,524245933006.53674,1534493649947.0889
Polynomial deg 5,all terms,exponential,E2_Em,252.0,0.9989945640790298,0.37998291134421364,0.9985929769892362,0.45511991182995687,350858540554.6099,912962613152.0084
Polynomial deg 5,all terms,exponential,E3_Em,252.0,0.9935334537346698,2.1939533610526025,0.9903757608663837,2.6890130233007414,361809308049.12085,1176940314270.9934
Polynomial deg 5,all terms,exponential,G12_Em,252.0,0.998473595383974,0.48913815500456237,0.9978325384106034,0.5875948094579708,256156171306.9697,809234060952.9321
Polynomial deg 5,all terms,exponential,G13_Em,252.0,0.997884858372143,0.6007926280241676,0.9969830595134168,0.7277410306914757,817498444981.5776,2392312589278.354
Polynomial deg 5,all terms,exponential,G23_Em,252.0,0.998229951946339,0.6115570898856171,0.9975206790693962,0.7312645956553372,890174055173.9143,2797199947112.1187
Polynomial deg 5,all terms,exponential,v12,252.0,0.9767642008113951,0.5839932908841299,0.967593600600126,0.6956353087692746,567234439271.2452,1826637108928.7993
Polynomial deg 5,all terms,exponential,v13,252.0,0.9964463699111513,1.5914018803376777,0.9949850476710581,1.8884489869748495,5512537924192.726,15105248489561.52
Polynomial deg 5,all terms,exponential,v23,252.0,0.9962868112371599,1.6467884003330915,0.9947822601796465,1.9554742394234703,8708681530365.869,24296695891219.004
Polynomial deg 5,determined terms,constant,E1_Em,203.0,0.9994890532862417,0.29531718092316794,0.9992492881260494,0.35574077747785593,0.7099245273728908,2.848570754465875
Polynomial deg 5,determined terms,constant,E2_Em,203.0,0.9995148938138146,0.2867539455496907,0.9992815003039729,0.3448570596559989,0.7402853748389735,2.3133354244666764
Polynomial deg 5,determined terms,constant,E3_Em,203.0,0.999877696478744,0.40494362407141715,0.9998109366230519,0.5038069788396519,0.9591899223162034,3.515857821857578
Polynomial deg 5,determined terms,constant,G12_Em,203.0,0.9995469022207311,0.2754007067547238,0.9993254069397135,0.3307118844229126,0.8432003577779147,3.5760970103123704
Polynomial deg 5,determined terms,constant,G13_Em,203.0,0.9991980184237722,0.45912864818651067,0.998798037924376,0.5541570098949233,0.8664789590123336,2.1400709679822683
Polynomial deg 5,determined terms,constant,G23_Em,203.0,0.9992928301234142,0.4309678717751,0.9989539055903229,0.5224702418459911,1.2100352522621889,3.4842292588222574
Polynomial deg 5,determined terms,constant,v12,203.0,0.9952005254789655,0.26495229124310377,0.993075842001134,0.3188021802881006,0.7446888510452018,2.6190288005348816
Polynomial deg 5,determined terms,constant,v13,203.0,0.9997914790641922,0.3857194810926143,0.999699801516246,0.4644186431077859,1.1516700760864,4.246396592481901
Polynomial deg 5,determined terms,constant,v23,203.0,0.999739549225551,0.4356542683663006,0.9996151451007043,0.5266882779858574,1.4594429599818617,3.9414289635303046
Polynomial deg 5,determined terms,exponential,E1_Em,203.0,0.9988756947604852,0.4029171197268552,0.9984197537933222,0.48074577247952754,0.679005090544644,1.6186576230030068
Polynomial deg 5,determined terms,exponential,E2_Em,203.0,0.9989946412051885,0.3798864482410616,0.9985926598926302,0.45507631764271456,0.8751030211874671,2.381393448291046
Polynomial deg 5,determined terms,exponential,E3_Em,203.0,0.9935336004761174,2.1935377209098363,0.9903760736237875,2.6884520901060784,3.432820067349809,7.14766078317891
Polynomial deg 5,determined terms,exponential,G12_Em,203.0,0.9984736096844667,0.48900505596044425,0.9978366533661406,0.5877387393310184,0.8655014911792015,2.237370647642668
Polynomial deg 5,determined terms,exponential,G13_Em,203.0,0.9978847430452628,0.6007934032082632,0.996991496212396,0.7267849462254251,0.8092841730250977,1.80345883188654
Polynomial deg 5,determined terms,exponential,G23_Em,203.0,0.9982302253944844,0.6111913994165349,0.9975190174451153,0.731313424522422,1.1724462565080047,4.347973243275704
Polynomial deg 5,determined terms,exponential,v12,203.0,0.9767656846054211,0.5837352062462742,0.9676453740219457,0.695018283805591,1.1814473631799602,3.7373936088957134
Polynomial deg 5,determined terms,exponential,v13,203.0,0.9964467505799799,1.5912472443857812,0.9949892318504324,1.88798168346001,2.7591447077029274,8.093187315331623
Polynomial deg 5,determined terms,exponential,v23,203.0,0.9962870350495922,1.6475143667491008,0.9947832232436532,1.9552704731120425,3.108219834501415,7.087865171744573
