model,variant,n_terms,train_r2,train_mape,cv_r2,cv_min_r2,cv_mape,test_mape,test_max
Gaussian process,,,0.9999978389292631,0.009065296772720069,0.9996565432593904,0.9987326283064605,0.20236289725441273,1.1679782370880212,7.5143713926141125
Polynomial deg 2,all terms,21.0,0.9742391976999492,2.9174872788562007,0.973257486938502,0.9202323096985354,2.9735213396015485,2.6642886178659326,15.67093364506644
Polynomial deg 2,determined terms,21.0,0.9742391976999492,2.9174872788562007,0.973257486938502,0.9202323096985354,2.9735213396015485,2.6642886178659326,15.67093364506644
Polynomial deg 3,all terms,56.0,0.9921766327851488,1.3297820803377354,0.9914804714226051,0.9532018338737956,1.3920362259717658,1273231370414.1646,6973078509518.956
Polynomial deg 3,determined terms,54.0,0.9921766730618423,1.3297624748397738,0.9914810028209483,0.9532062137490067,1.3919837103407027,1.478596621343268,9.45515034258884
Polynomial deg 4,all terms,126.0,0.9956914554177025,0.8472196969209794,0.9948317133198198,0.9629694610353122,0.9324292555400651,545616252767.46234,3471427799935.4
Polynomial deg 4,determined terms,113.0,0.9956914759762248,0.8472338950854628,0.9948319986027889,0.9629713051915458,0.9323885330864378,1.1279362309120649,7.594729602420467
Polynomial deg 5,all terms,252.0,0.9970629029397404,0.6524123214147207,0.9958273827681237,0.967593600600126,0.7853022593452967,1811810860039.7317,15105248489561.52
Polynomial deg 5,determined terms,203.0,0.9970634962731347,0.6521481101559323,0.9958312970874997,0.9676453740219457,0.7850019324557727,1.2501962988827153,8.093187315331623
