term,p_vf,p_EfEm,p_alpha,p_log10Lp,p_tdeg,E1_Em,E2_Em,E3_Em,G12_Em,G13_Em,G23_Em,v12,v13,v23
u_min,0.1,4,1,1.698970004,0,,,,,,,,,
u_max,0.3,48,3,2.301029996,36.86122563,,,,,,,,,
1,0,0,0,0,0,1.575688255,1.579003503,3.558466619,0.5704625472,0.6485864459,0.6510169156,0.3800369043,0.1420954199,0.1423227124
vf^1,1,0,0,0,0,0.3708384835,0.3627433734,1.229469196,0.1376037541,0.1803910154,0.1737675816,-0.01314026351,-0.02452815904,-0.0249312862
EfEm^1,0,1,0,0,0,0.05644966313,0.05475218452,1.438647298,0.01240289414,0.04878029611,0.04625648894,0.01678694367,-0.04666429231,-0.04682106432
alpha^1,0,0,1,0,0,0.02161901217,0.0154071558,-0.180660324,0.003697639879,0.01489488812,0.009749305684,0.00229863546,0.00701699553,0.006678445046
log10Lp^1,0,0,0,1,0,-0.0002685399797,0.002442917943,0.5503112232,-0.004067707732,0.01088166616,0.01021470568,0.01012254235,-0.02283161384,-0.02364093553
tdeg^1,0,0,0,0,1,-0.004815787553,-0.01538744093,0.04582439598,-0.005176238892,0.01458064156,0.004737160998,-0.001674962875,0.005099636635,0.003678396623
vf^2,2,0,0,0,0,0.08218385602,0.07091832557,-0.4486481988,0.03634659872,0.03090189369,0.02747711118,-0.01994527733,0.02843274232,0.02883850158
vf^1*EfEm^1,1,1,0,0,0,0.04237516625,0.03836914324,0.7293327397,0.01456846954,0.03591119649,0.03206499314,-0.006564714092,0.005489198139,0.005451208605
vf^1*alpha^1,1,0,1,0,0,0.009100073913,0.003341798562,-0.02390493728,-0.003128776935,0.004717678411,1.452746475e-05,0.006390010803,-0.003616229731,-0.003761660958
vf^1*log10Lp^1,1,0,0,1,0,-0.003434119634,-0.008455747254,0.2475763062,-0.003017528072,0.005778593504,0.003326427605,-0.0005510492564,0.001386773557,0.001792856128
vf^1*tdeg^1,1,0,0,0,1,-0.01137489775,-0.006529790474,0.2370092833,-0.01047247836,-0.003469874612,0.002069428681,0.002667336226,-0.006808769234,-0.006287682433
EfEm^2,0,2,0,0,0,-0.03116476065,-0.02953646229,-0.3370997144,-0.005985845128,-0.01954224404,-0.01846543655,-0.01080715157,0.02871766064,0.02878782876
EfEm^1*alpha^1,0,1,1,0,0,0.007332701274,0.003708566141,-0.2284723992,0.001397246003,0.002922157823,-0.0004036352837,-0.0008864124358,0.0033356733,0.003226280084
EfEm^1*log10Lp^1,0,1,0,1,0,0.001427951441,0.002137479761,0.6095181774,-0.0009261618232,0.01202098902,0.01011378178,0.003224056992,-0.007547178795,-0.008107136171
EfEm^1*tdeg^1,0,1,0,0,1,0.0005986008526,-0.003797423709,0.0888051737,-0.001924414618,0.01046801521,0.005068778235,0.000644464414,-0.0008702066269,-0.001624003951
alpha^2,0,0,2,0,0,0.02033868792,0.009152472028,0.05016133023,0.005506036026,0.0126847661,0.003480017107,-0.002585523501,0.0004923681753,-0.0002508028904
alpha^1*log10Lp^1,0,0,1,1,0,-0.002319757985,-0.005321419251,0.0252412003,-0.002145704303,0.00345806895,0.002473251678,0.001525244671,-0.002954953303,-0.002700470565
alpha^1*tdeg^1,0,0,1,0,1,0.01770499221,0.0001007473883,0.1032140406,-1.891408352e-05,0.004692326862,-0.004262009119,0.0008645175096,-0.002978644692,-0.002353717274
log10Lp^2,0,0,0,2,0,0.007052649783,0.005180553301,-0.1363704639,0.005031324326,0.001654304871,-0.001343560522,-0.004710640829,0.01017521134,0.009652729511
log10Lp^1*tdeg^1,0,0,0,1,1,-0.00845361006,-0.01453020332,0.2015152639,-0.005657469696,0.002726511697,-0.004184611376,0.004243542718,-0.003728452124,-0.004407285244
tdeg^2,0,0,0,0,2,0.01037204752,0.01353974966,-0.06969715989,0.006801420749,0.006247848811,0.008896795651,-0.004897910504,0.0048859073,0.00543124516
vf^3,3,0,0,0,0,-0.01253462617,-0.008454112308,0.1398010634,-0.005261409901,-0.005613251143,-0.002722661383,0.005827783471,-0.007822124829,-0.00778088547
vf^2*EfEm^1,2,1,0,0,0,0.0183511907,0.01795663263,0.08209915616,0.008207136168,0.009133147601,0.009181731861,-0.001657960742,0.003204938354,0.003178577424
vf^2*alpha^1,2,0,1,0,0,-0.004638911959,-0.001838603003,0.04068496052,-0.001430409456,-0.00250115813,-0.001595207476,0.001643417274,-0.00140350613,-0.00186332346
vf^2*log10Lp^1,2,0,0,1,0,-0.001382113281,-0.002235744986,0.001827858078,-0.0004129068176,-0.0008627701344,-0.0007118050053,0.0003524354159,3.692141165e-05,0.0001344538373
vf^2*tdeg^1,2,0,0,0,1,-0.001577144964,-0.0006281017627,-0.01843614535,0.000776446023,0.000108659568,0.000680750913,-7.038558684e-05,0.0004932636006,0.0008833381651
vf^1*EfEm^2,1,2,0,0,0,-0.08426398571,-0.08435467567,-0.2136635615,-0.031110661,-0.04044286327,-0.04062592038,0.001011174597,0.007351380895,0.007342387925
vf^1*EfEm^1*alpha^1,1,1,1,0,0,0.003808319932,0.004856639581,-0.09082233885,0.0006369306551,0.001001487237,0.0009019073667,0.001665215175,-0.0007503475211,-0.0009217220706
vf^1*EfEm^1*log10Lp^1,1,1,0,1,0,-0.003690803473,-0.003299116893,0.2468706038,-0.001177030849,0.00419333417,0.004875266379,-0.00146202213,0.002657342012,0.002647690382
vf^1*EfEm^1*tdeg^1,1,1,0,0,1,-0.000101295378,0.001269055181,-0.04417511569,0.0005711624111,0.003568352393,0.004129341545,0.0004577367759,-0.001426555937,-0.001554384947
vf^1*alpha^2,1,0,2,0,0,0.006524785508,0.01126008945,-0.01771658719,0.005217109217,0.004952811245,0.008874740892,-0.003507831572,0.002417180275,0.00261462997
vf^1*alpha^1*log10Lp^1,1,0,1,1,0,-0.005790198557,-0.004779401823,0.01093413692,-0.001858020487,-0.0004185379331,-0.0007884453956,-8.447105314e-05,0.000549477214,-7.36543144e-05
vf^1*alpha^1*tdeg^1,1,0,1,0,1,0.0006819593684,0.003974785335,0.04197388598,0.001545775333,0.0008445452865,0.001436641392,-5.301318564e-05,-0.0004837106717,-0.0008020408066
vf^1*log10Lp^2,1,0,0,2,0,0.005203347426,0.005880779687,-0.1262196681,0.004127533472,-0.002257624122,-0.0008383561397,-0.0002295389624,0.0008512647981,0.001107500926
vf^1*log10Lp^1*tdeg^1,1,0,0,1,1,0.002996432206,0.001652529683,-0.01292764324,0.001288352039,0.003310298615,0.002794176491,-0.0002942197237,0.0001611578842,0.0003832410155
vf^1*tdeg^2,1,0,0,0,2,0.004651586156,0.006795666065,0.07374950565,0.00183788948,0.005323655297,0.007152096533,0.001863282891,-0.00361667346,-0.003558429439
EfEm^3,0,3,0,0,0,0.1137011475,0.1133982211,0.1684593114,0.03884472623,0.04877812435,0.04863353628,0.009575494592,-0.03162275348,-0.03164872386
EfEm^2*alpha^1,0,2,1,0,0,-0.004092668648,-0.003864865362,-0.01871175834,-0.0008289558391,-0.0038488654,-0.003788232685,-0.0006650135397,-0.002414935956,-0.002436609485
EfEm^2*log10Lp^1,0,2,0,1,0,0.0003545672419,0.000538664063,0.009073112746,0.001374426116,-4.996563301e-05,-8.745453374e-05,-0.002754003687,0.006173931971,0.006168390025
EfEm^2*tdeg^1,0,2,0,0,1,0.00147370035,0.001786711907,0.02455345799,-0.0003122904707,-0.002530394416,-0.002222853258,0.001922729747,-0.003116792305,-0.00309997745
EfEm^1*alpha^2,0,1,2,0,0,0.008368921804,0.00891364009,0.063280442,0.003552924149,0.005857978605,0.00667180544,-0.0005908654245,-0.001470175765,-0.001485869925
EfEm^1*alpha^1*log10Lp^1,0,1,1,1,0,-0.00147691128,-0.002368807257,-0.007015986156,-0.000915329984,-0.0004857152406,-7.480988195e-05,0.0006779996892,-0.001532145189,-0.001250609671
EfEm^1*alpha^1*tdeg^1,0,1,1,0,1,0.0008572293116,0.0003465587916,0.03783797604,0.0002697483446,-0.0007230874235,-0.001263900456,-1.362958688e-05,0.0001083986852,0.0001519831938
EfEm^1*log10Lp^2,0,1,0,2,0,0.0005756501605,0.00166182794,-0.1620206431,0.001551925202,-0.003466923723,-0.001827846855,-0.002133436768,0.004734980535,0.004975939255
EfEm^1*log10Lp^1*tdeg^1,0,1,0,1,1,0.001358486737,0.002131035017,-0.01969411202,0.0007548656071,0.004264599685,0.004805871772,-0.000446588477,-0.0004119337922,-0.0003637093043
EfEm^1*tdeg^2,0,1,0,0,2,0.003647501105,0.004991306003,-0.0891658118,0.002157092975,0.001355643762,0.002761467789,-0.001965256585,0.002552929162,0.002635227889
alpha^2*log10Lp^1,0,0,2,1,0,-0.001505859289,-0.004344569444,-0.01387664086,-0.0005867330343,-0.0003246171753,0.0007970452314,7.728685894e-06,0.0006859641633,0.001436305734
alpha^2*tdeg^1,0,0,2,0,1,-0.005785887196,-0.006333995454,-0.02059263051,-0.002475480403,-0.002530214483,-0.003503544174,0.0008393627063,0.0001532374029,7.596406549e-06
alpha^1*log10Lp^2,0,0,1,2,0,-0.0005264283818,0.004613374847,-0.0009371618993,0.002531873195,-0.001417565562,0.00346768605,-0.0007574604638,0.0008110426221,0.001379940316
alpha^1*log10Lp^1*tdeg^1,0,0,1,1,1,-0.002181241001,0.0001167226716,0.01331090299,-0.0005625016093,-0.0003744620794,0.0007450861327,-0.0005306958284,0.0003381006074,0.0004004236032
alpha^1*tdeg^2,0,0,1,0,2,-0.00747941451,-0.004533252364,-0.04203232121,-0.002103392535,-0.006782734433,-0.00405316898,-3.779726714e-05,0.0006861864903,0.000978814158
log10Lp^2*tdeg^1,0,0,0,2,1,-0.006689349964,-0.003471958025,0.06446665936,-0.002675523488,-0.004936558119,-0.003246645061,0.001841499326,-0.002114124756,-0.002179492637
log10Lp^1*tdeg^2,0,0,0,1,2,0.003796871943,0.003104939545,-0.09131196826,0.001308627196,-0.0009201310723,0.0003886027208,-0.001961373864,0.00287151883,0.003545417257
tdeg^3,0,0,0,0,3,0.009178217123,0.01664497311,-0.2517086245,0.009592598366,0.0007495098116,0.009227818691,-0.007120782924,0.006854662671,0.008288055055
vf^4,4,0,0,0,0,-0.03362489418,-0.03295407407,0.4750756349,-0.01583441799,-0.009045291005,-0.01346269841,0.01258230159,-0.01347177249,-0.01479828042
vf^3*EfEm^1,3,1,0,0,0,-0.005864211194,-0.00412458643,0.1423849381,-0.002298804406,-0.001842120488,-0.0003602003715,0.002656002742,-0.003611668289,-0.003598494043
vf^3*alpha^1,3,0,1,0,0,-0.00544218254,0.0008670238095,0.0007374603175,-6.321428571e-05,-0.002785,0.001745277778,-0.001551944444,0.001375634921,0.001424246032
vf^3*log10Lp^1,3,0,0,1,0,-0.005708452381,0.0008037698413,0.002038253968,-4.111111111e-05,-0.003318174603,-0.0003462301587,-0.00177047619,0.002369246032,0.002006825397
vf^3*tdeg^1,3,0,0,0,1,-0.0008043505046,-0.001966686074,0.00327920934,0.002137659887,0.002249209364,0.001143038897,0.001466346978,-0.0005788492962,-0.00032480103
vf^2*EfEm^2,2,2,0,0,0,-0.01266588726,-0.01225798856,-0.003337495408,-0.005862937667,-0.005675141119,-0.005616729458,0.001910186794,-0.003852666315,-0.003858664157
vf^2*EfEm^1*alpha^1,2,1,1,0,0,-0.002121941538,-0.0005380975129,0.04092884554,-0.0005683708675,-0.0008608211063,-0.0005670154686,0.0006870579315,-0.0003914079087,-0.0006735529459
vf^2*EfEm^1*log10Lp^1,2,1,0,1,0,-0.0007108399682,-0.001134548074,0.006175520359,-0.0003320539506,-0.0008479396042,-0.0007039055391,0.0004945683576,-0.0006321465537,-0.0005594992607
vf^2*EfEm^1*tdeg^1,2,1,0,0,1,-0.00106348046,-0.0004476691492,-0.02512652087,0.0003708828015,-0.0001129697452,0.0003124626724,-0.000312283636,0.0008314325337,0.00102255647
vf^2*alpha^2,2,0,2,0,0,-0.002671156463,0.009749438776,-0.03724028912,0.00190212585,-0.001321904762,0.008425136054,-0.001884217687,-8.510204082e-05,0.0004940986395
vf^2*alpha^1*log10Lp^1,2,0,1,1,0,-0.002886760204,-0.002960994898,0.06104844388,-0.001287397959,-0.003338341837,-0.001643979592,0.001894515306,-0.002666581633,-0.002076403061
vf^2*alpha^1*tdeg^1,2,0,1,0,1,-0.003689509347,-0.001592173138,0.0110670972,0.0003384687516,-0.0008464839502,0.0002207167449,0.001048794897,-0.0002909147252,7.631628881e-05
vf^2*log10Lp^2,2,0,0,2,0,0.005297312925,0.004536989796,0.004249353741,0.001282891156,-0.00100920068,0.0008199319728,0.0005722619048,-0.0020125,-0.0009264115646
vf^2*log10Lp^1*tdeg^1,2,0,0,1,1,0.002621476933,9.351285265e-05,-0.00905689722,0.0004176882971,0.001031147164,-0.0006877931686,-0.0003291675986,0.0005540228096,0.0007384699709
vf^2*tdeg^2,2,0,0,0,2,-0.00438371785,-0.002010869398,0.06256731865,-0.001155820895,0.00159359602,0.002128401482,0.001829098191,-0.001618838537,-0.001743595173
vf^1*EfEm^3,1,3,0,0,0,0.07102317756,0.07118933323,0.08108438144,0.02615541452,0.03056440626,0.03067459104,0.0005332031003,-0.007910031234,-0.007902141614
vf^1*EfEm^2*alpha^1,1,2,1,0,0,-0.001167339786,-0.002026823881,-0.01313353647,5.884697112e-05,-0.001074221729,-0.001569498237,-0.001132125473,5.850019342e-05,0.0001280365554
vf^1*EfEm^2*log10Lp^1,1,2,0,1,0,0.002291306424,0.002027624362,0.0119663647,0.0009226249675,0.0001086867462,-0.0001791794654,0.0002934908238,-0.000328454751,-0.0003551674756
vf^1*EfEm^2*tdeg^1,1,2,0,0,1,0.001696153597,0.000834031667,0.01116017273,0.0002021736358,-0.0004191372004,-0.0007423367004,-0.0001172726053,0.0004115653941,0.0004426671485
vf^1*EfEm^1*alpha^2,1,1,2,0,0,0.004527477972,0.006934872346,-0.01037310364,0.003082460987,0.003450583665,0.005770539278,-0.001649443869,0.001245682856,0.001299060443
vf^1*EfEm^1*alpha^1*log10Lp^1,1,1,1,1,0,-0.003002749303,-0.002594955613,0.003900542197,-0.0009977179538,-0.0002907643312,-0.0009505782245,-0.0002080004976,0.0005429301354,0.0001370215963
vf^1*EfEm^1*alpha^1*tdeg^1,1,1,1,0,1,-0.0004220669194,0.001119826726,0.04008974892,0.0003811727493,-0.000106346251,-2.388933733e-05,1.088538483e-05,-0.0001877910185,-0.0003553261032
vf^1*EfEm^1*log10Lp^2,1,1,0,2,0,0.002301085855,0.002800295515,-0.1207621235,0.001773452229,-0.003028860801,-0.001835892848,0.0002348622611,-0.0001048145568,-2.963840234e-06
vf^1*EfEm^1*log10Lp^1*tdeg^1,1,1,0,1,1,0.001646944909,0.001210224995,-0.009225641609,0.0007550239774,0.002323379231,0.002259863207,-0.000166501278,0.0001095675857,0.0002467737704
vf^1*EfEm^1*tdeg^2,1,1,0,0,2,0.00314402429,0.004150386257,0.02463312894,0.00150976748,0.003907111688,0.004801320337,0.0007952425786,-0.001760945997,-0.001880971639
vf^1*alpha^2*log10Lp^1,1,0,2,1,0,0.0001479107143,-0.0003172321429,-0.01942544643,0.0003242857143,-0.000124125,0.001857321429,0.0006520535714,-0.001121535714,-0.0008179107143
vf^1*alpha^2*tdeg^1,1,0,2,0,1,-0.006171668643,-0.003525944508,-0.007728987995,-0.0008682645718,-0.001816605768,-0.001886928277,0.0007193377192,-0.0006668450742,-0.0007036610596
vf^1*alpha^1*log10Lp^2,1,0,1,2,0,0.002274125,0.004879446429,-0.03185391071,0.004239,0.0006500535714,0.001831285714,-0.0004503392857,0.001421285714,0.001289946429
vf^1*alpha^1*log10Lp^1*tdeg^1,1,0,1,1,1,-0.00219719636,-0.002825968834,0.03289219638,-0.0009821356627,-0.0004145242962,-0.001470610892,0.00110421599,-0.0008090069323,-0.0009899826357
vf^1*alpha^1*tdeg^2,1,0,1,0,2,-0.001021067163,0.00148536888,-0.05109927396,0.00104797516,-0.0006492041197,0.0009581449206,-0.0009576829103,0.0007465656246,0.0005625764663
vf^1*log10Lp^2*tdeg^1,1,0,0,2,1,-0.005958164728,-0.005089014768,0.04486427936,-0.002968167038,-0.004362613108,-0.003727201816,0.001023011808,-0.0006823577102,-0.0005704368826
vf^1*log10Lp^1*tdeg^2,1,0,0,1,2,0.001061811634,0.002778753981,0.003999003308,-0.0001383814964,0.001977355074,0.001839614174,0.0007373931988,-0.001469768498,-0.001912327781
vf^1*tdeg^3,1,0,0,0,3,0.01556864923,0.0123522079,-0.3424288056,0.01123715437,0.009281151957,0.005490800037,-0.004911568026,0.007107186098,0.006154121605
EfEm^4,0,4,0,0,0,-0.08872416042,-0.08848805743,-0.08278402309,-0.03114436666,-0.03663537702,-0.03653047357,-0.006041672292,0.02037268311,0.02040309259
EfEm^3*alpha^1,0,3,1,0,0,0.00233019132,0.002088648672,0.02379978378,0.0001648284128,0.002403994715,0.002327561395,0.000978864401,0.001130553616,0.001138901153
EfEm^3*log10Lp^1,0,3,0,1,0,-0.0007373848388,-0.0008036266188,-0.04079657373,-0.001016482,-0.0009772502299,-0.000968319084,0.001760961028,-0.003808251181,-0.003816647269
EfEm^3*tdeg^1,0,3,0,0,1,-0.001848992302,-0.002199299762,-0.004923063102,-0.0001214969049,0.0005302569845,0.0002505332802,-0.001361414513,0.002521811902,0.002486232115
EfEm^2*alpha^2,0,2,2,0,0,-0.004601806488,-0.004983287617,0.01257969823,-0.0021496459,-0.00218711219,-0.002330121294,0.0006684679308,0.0004317573701,0.000456861537
EfEm^2*alpha^1*log10Lp^1,0,2,1,1,0,0.001061294448,0.001628196692,-0.02979948348,0.0006142036564,-0.0007737970148,-0.0007963601335,-0.0004555274183,0.0009140870234,0.000771417556
EfEm^2*alpha^1*tdeg^1,0,2,1,0,1,-0.001530009005,-0.000931220658,-0.007026191414,-0.000403942982,-0.0005749669915,-2.966642505e-05,-0.0002052028313,0.0004685467445,0.000477119635
EfEm^2*log10Lp^2,0,2,0,2,0,-0.0008353314482,-0.001780097586,0.01473327367,-0.001110298945,0.0005438042535,-7.51515931e-05,0.001158869295,-0.002419805236,-0.002505129218
EfEm^2*log10Lp^1*tdeg^1,0,2,0,1,1,-0.0001044216617,-0.0005415321124,0.003010745497,-0.000234503096,-0.0009486852451,-0.001176369735,0.000351928904,-8.694355148e-05,-0.0001206358651
EfEm^2*tdeg^2,0,2,0,0,2,-0.002751641006,-0.004169032986,-0.01296130333,-0.001809533107,-0.00233131186,-0.003160218729,0.001564295826,-0.001941868222,-0.001996735315
EfEm^1*alpha^2*log10Lp^1,0,1,2,1,0,-0.0005435103503,-0.001808752289,-0.006528081807,-0.0001446497811,0.0002347626393,0.001508786624,-8.022949841e-05,0.0002656902866,0.0006972892118
EfEm^1*alpha^2*tdeg^1,0,1,2,0,1,-0.001918882451,-0.00205165294,-0.01673850346,-0.0008304039128,-0.0006390214753,-0.001206336902,0.000292793829,-7.099996473e-05,-0.0001867589402
EfEm^1*alpha^1*log10Lp^2,0,1,1,2,0,0.0001149154061,0.002604292695,0.0139156043,0.001293661525,-1.032673169e-05,0.003104522293,-0.000281991043,0.0002425867834,0.0005520734475
EfEm^1*alpha^1*log10Lp^1*tdeg^1,0,1,1,1,1,-0.001145839531,2.455379357e-05,0.01763172023,-0.000308536479,-0.0002452672923,0.0003361729532,-0.0002864802752,0.0002314918897,0.0002435261177
EfEm^1*alpha^1*tdeg^2,0,1,1,0,2,-0.002513362171,-0.0004570804426,-0.04432618812,-0.0002855317642,-0.003566473761,-0.001702057381,-0.0001402239722,0.0004118066378,0.0005138331593
EfEm^1*log10Lp^2*tdeg^1,0,1,0,2,1,-0.003673385335,-0.001974042345,0.071009631,-0.001406120501,-0.002906647818,-0.002108929724,0.0008375021614,-0.0008432086348,-0.0009230174834
EfEm^1*log10Lp^1*tdeg^2,0,1,0,1,2,0.001885694443,0.002055787889,-0.1298882289,0.0008869950168,-0.00213795782,-8.139568124e-05,-0.00121371822,0.001615257112,0.002127488898
EfEm^1*tdeg^3,0,1,0,0,3,0.006021445587,0.009136003533,-0.249085629,0.005007367353,-0.0008728720173,0.004284979453,-0.002871710669,0.00253874403,0.003416172963
alpha^2*log10Lp^2,0,0,2,2,0,-0.01008632143,-0.001174232143,-0.002607946429,-0.0008396964286,-0.005394178571,0.002463678571,0.001158553571,-0.002176625,-0.001374107143
alpha^2*log10Lp^1*tdeg^1,0,0,2,1,1,0.003373089678,0.004734211265,-0.03376968349,0.001961844154,0.002456206251,0.002808890059,-0.001638248872,0.001551344833,0.001612619049
alpha^2*tdeg^2,0,0,2,0,2,0.002970590108,0.003593955806,0.02729135603,0.001328125516,0.0005167106861,0.0009177774136,0.0004906123099,-0.000439261995,-0.0006829821989
alpha^1*log10Lp^2*tdeg^1,0,0,1,2,1,-0.004279077064,-9.650705886e-05,0.03106690607,-0.001041854471,-0.001175431139,0.00211127639,0.0004006652243,-0.001064066644,-0.0008924073755
alpha^1*log10Lp^1*tdeg^2,0,0,1,1,2,0.0006855744541,0.002532504604,-0.04840088765,0.001216233503,-0.002042157701,-0.001171316962,-0.001016488379,0.001316369546,0.001208856504
alpha^1*tdeg^3,0,0,1,0,3,-0.007399921645,0.005105111383,-0.08010524268,0.002532528338,-0.002172826648,0.002695669145,-0.001305277872,0.002693526649,0.001737249331
log10Lp^2*tdeg^2,0,0,0,2,2,0.0007627118163,-0.0007192766791,-0.08370613707,-0.00175283486,-0.002436869392,-0.003102947517,-0.001817308023,0.00273411127,0.002444692353
log10Lp^1*tdeg^3,0,0,0,1,3,0.006317047176,0.01469661043,-0.2080499073,0.005477010346,0.0007420634143,0.009713627471,-0.004613943539,0.002891935356,0.003640825766
