Vf,EfEm,target,factor,S1,ST
0.1,12.0,E1_Em,alpha,0.2565147662271632,0.5310394490528777
0.1,12.0,E1_Em,logL,0.26464273265306615,0.44478448568649565
0.1,12.0,E1_Em,tdeg,0.09553245677309827,0.4532287610889204
0.1,12.0,E2_Em,alpha,0.31079532223430917,0.5936502077760065
0.1,12.0,E2_Em,logL,0.0662337677720063,0.22013665365829166
0.1,12.0,E2_Em,tdeg,0.27810211914732985,0.6109369761862051
0.1,12.0,E3_Em,alpha,0.06840314521742463,0.09094422468147172
0.1,12.0,E3_Em,logL,0.7842564299625154,0.8115721999179252
0.1,12.0,E3_Em,tdeg,0.11057024183169731,0.13781506109261188
0.1,12.0,G12_Em,alpha,0.36069662769747696,0.5835251977399243
0.1,12.0,G12_Em,logL,0.2993887179914972,0.47849355710260055
0.1,12.0,G12_Em,tdeg,0.06278818493272989,0.2539828612393176
0.1,12.0,G13_Em,alpha,0.3240311922176769,0.4575587343993376
0.1,12.0,G13_Em,logL,0.12113595998900757,0.22124967559519754
0.1,12.0,G13_Em,tdeg,0.3581621011636102,0.544424839342259
0.1,12.0,G23_Em,alpha,0.38954063703841846,0.641424663530807
0.1,12.0,G23_Em,logL,0.009883861301528366,0.16452350385705464
0.1,12.0,G23_Em,tdeg,0.2554287842022721,0.5869044444809519
0.1,12.0,v12,alpha,0.004734184010738203,0.04109110745651781
0.1,12.0,v12,logL,0.6812369910598548,0.74172124586583
0.1,12.0,v12,tdeg,0.24193471155209031,0.2998617689404707
0.1,12.0,v13,alpha,0.06279716772655332,0.0876189340469534
0.1,12.0,v13,logL,0.7018279422114256,0.7326874729159111
0.1,12.0,v13,tdeg,0.19620825251664398,0.22239742771911242
0.1,12.0,v23,alpha,0.06119496599648787,0.08475571111971435
0.1,12.0,v23,logL,0.7394063635666803,0.7685528371677216
0.1,12.0,v23,tdeg,0.16172100796446146,0.1880356691867538
0.2,28.0,E1_Em,alpha,0.4853220072580724,0.6969945779432953
0.2,28.0,E1_Em,logL,0.20275775177255367,0.31199846997318276
0.2,28.0,E1_Em,tdeg,0.05029826003106279,0.2931958671283851
0.2,28.0,E2_Em,alpha,0.4295285327026903,0.6515942293000558
0.2,28.0,E2_Em,logL,0.10555539466179269,0.2781165982713889
0.2,28.0,E2_Em,tdeg,0.20399902814916224,0.36753176936577325
0.2,28.0,E3_Em,alpha,0.08522758058951996,0.09529165074504756
0.2,28.0,E3_Em,logL,0.8435394206369381,0.8637006659345428
0.2,28.0,E3_Em,tdeg,0.047052040343075606,0.06953102208561578
0.2,28.0,G12_Em,alpha,0.2070361255896522,0.51928910489063
0.2,28.0,G12_Em,logL,0.16981293221218408,0.32647701210187063
0.2,28.0,G12_Em,tdeg,0.2743228878227093,0.5839326939939
0.2,28.0,G13_Em,alpha,0.18943009424291246,0.29676662122330033
0.2,28.0,G13_Em,logL,0.34789498877221137,0.4403055750186131
0.2,28.0,G13_Em,tdeg,0.3131703395303893,0.4538619068850839
0.2,28.0,G23_Em,alpha,0.18222004834488215,0.25219374503601005
0.2,28.0,G23_Em,logL,0.4301192993744524,0.5028633692468092
0.2,28.0,G23_Em,tdeg,0.2825626943866626,0.37150584608472115
0.2,28.0,v12,alpha,0.04500995781591609,0.08597750860837111
0.2,28.0,v12,logL,0.6597705587616889,0.7124147641882617
0.2,28.0,v12,tdeg,0.2295722092107006,0.27955223832752873
0.2,28.0,v13,alpha,0.07372385754503041,0.08906517359053495
0.2,28.0,v13,logL,0.7905804170251811,0.8114703058037105
0.2,28.0,v13,tdeg,0.11145094859879201,0.12905652823299368
0.2,28.0,v23,alpha,0.0753743056630819,0.08908353289238546
0.2,28.0,v23,logL,0.7999724907763901,0.819955935045277
0.2,28.0,v23,tdeg,0.09930638818338844,0.11919558421066812
0.3,48.0,E1_Em,alpha,0.3411598169888733,0.537679121595207
0.3,48.0,E1_Em,logL,0.1110544964157335,0.298922140392483
0.3,48.0,E1_Em,tdeg,0.25935717181880485,0.5000704669942413
0.3,48.0,E2_Em,alpha,0.2571453468956571,0.43661949419797663
0.3,48.0,E2_Em,logL,0.13651534740612525,0.33960204205334543
0.3,48.0,E2_Em,tdeg,0.3076667673258081,0.5665188850271141
0.3,48.0,E3_Em,alpha,0.10287107323648165,0.12096095678513671
0.3,48.0,E3_Em,logL,0.8166399463851266,0.8484630252714629
0.3,48.0,E3_Em,tdeg,0.03899547425811198,0.07890699131131944
0.3,48.0,G12_Em,alpha,0.12865096520290192,0.32643655217131784
0.3,48.0,G12_Em,logL,0.07989225366019312,0.27628757502379575
0.3,48.0,G12_Em,tdeg,0.5053673690281657,0.724549659935136
0.3,48.0,G13_Em,alpha,0.10471771576586714,0.15049808343644072
0.3,48.0,G13_Em,logL,0.5508758238707012,0.5979670024697843
0.3,48.0,G13_Em,tdeg,0.27199255197264,0.34267534089829366
0.3,48.0,G23_Em,alpha,0.06592424199847555,0.11248079905691302
0.3,48.0,G23_Em,logL,0.5211795811545503,0.5794384228586231
0.3,48.0,G23_Em,tdeg,0.32781828293682735,0.404877380668902
0.3,48.0,v12,alpha,0.3145135305424205,0.3885423612845198
0.3,48.0,v12,logL,0.29124388699905446,0.3710264553171281
0.3,48.0,v12,tdeg,0.269924968954105,0.3800654731312285
0.3,48.0,v13,alpha,0.08669051560999746,0.11366472285321821
0.3,48.0,v13,logL,0.7702246868752571,0.8047992668886937
0.3,48.0,v13,tdeg,0.09838435548114968,0.1327479373870095
0.3,48.0,v23,alpha,0.07355676037165511,0.10220446935363653
0.3,48.0,v23,logL,0.7676779369885267,0.8025032384650703
0.3,48.0,v23,tdeg,0.11326954643444948,0.1470569566964685
