dist,target,factor,S1_gp,S1_poly,ST_gp,ST_poly
constant,E1_Em,Vf,0.8223231560486398,0.815951640692138,0.8447196686691368,0.83964534821133
constant,E1_Em,EfEm,0.15364011431155078,0.15866205292768404,0.1748990881453985,0.18134251113336164
constant,E1_Em,alpha,0.0010241328152114806,0.0009488262601454133,0.001661825787148282,0.0013708734449719292
constant,E1_Em,logL,0.0007188144793010867,0.0005889537380301118,0.0011993996951656575,0.0008563590363482644
constant,E1_Em,tdeg,0.00032258935447109025,0.00018111917231567192,0.0005584348021910634,0.0003316327040353801
constant,E2_Em,Vf,0.8198370217322848,0.8144332523334884,0.8417048864220207,0.8376540451601765
constant,E2_Em,EfEm,0.15624034118235547,0.16094746541017874,0.17770313133461305,0.18351612842143497
constant,E2_Em,alpha,0.0006075377167451045,0.0006599549944399811,0.0012564075330612529,0.0009706729472705854
constant,E2_Em,logL,0.000352138484357327,0.00034590437163396624,0.001075072219199014,0.0007327239451445403
constant,E2_Em,tdeg,0.00038778971480378434,0.00021161260588745045,0.000808428557971465,0.0003641120055405995
constant,E3_Em,Vf,0.35575709807686107,0.3563469796600129,0.42489488545651816,0.42482312355792007
constant,E3_Em,EfEm,0.40305188982445045,0.40686234072316335,0.5012516706303402,0.5038070479236038
constant,E3_Em,alpha,0.014919811682231415,0.014933734166509904,0.02391673779223006,0.023518375145889406
constant,E3_Em,logL,0.10841210908439704,0.10578391404841332,0.15777460632166823,0.15386946986192504
constant,E3_Em,tdeg,0.004845618879961075,0.00495279497205888,0.008169858041237738,0.007942449012522532
constant,G12_Em,Vf,0.8599582769425682,0.8541167057121222,0.8824364420995092,0.878688814881285
constant,G12_Em,EfEm,0.11512281192783365,0.11933118169766159,0.13666408212090222,0.1428157017535082
constant,G12_Em,alpha,0.0007806524942176558,0.0005288068138143352,0.0013043401828427155,0.0010302480859378938
constant,G12_Em,logL,0.0004896329576664788,0.0002772662616334381,0.0010987147450909965,0.0006032895698245347
constant,G12_Em,tdeg,0.0010475235274492172,0.0008935887686527119,0.0020293346242459356,0.00158574382161049
constant,G13_Em,Vf,0.7570024774857749,0.7496425454167516,0.7916874487017297,0.7857869479483557
constant,G13_Em,EfEm,0.192982508817177,0.198098747355297,0.22745503937215622,0.23396243398825733
constant,G13_Em,alpha,0.0023621827099744924,0.002154221750382679,0.0035446863106946176,0.0030590333432246766
constant,G13_Em,logL,0.0058773484121316414,0.006203114594110491,0.009796925697928865,0.00982512144491237
constant,G13_Em,tdeg,0.004354279422693128,0.004478708704100606,0.007303292744798846,0.0068428213547456485
constant,G23_Em,Vf,0.7504117556976638,0.7453791851377827,0.7858409227272072,0.7821171033603372
constant,G23_Em,EfEm,0.19806326869970436,0.20197924368565234,0.23261551149897425,0.23791019149360298
constant,G23_Em,alpha,0.0016671050045341384,0.0016770297298705327,0.0025427097631998026,0.0020940143635076254
constant,G23_Em,logL,0.005554612614632762,0.005590555664755575,0.01106364609513215,0.010518962199498896
constant,G23_Em,tdeg,0.004702616470766249,0.00525171684406914,0.007911524788950205,0.0076599138768631055
constant,v12,Vf,0.10928190747854358,0.1144343883893491,0.14815858097036516,0.14743637403969165
constant,v12,EfEm,0.5252400661899074,0.5393337468412971,0.5534060737146997,0.5706334540210833
constant,v12,alpha,0.006363202633914792,0.006954976835169302,0.03412254163404702,0.029039759281516333
constant,v12,logL,0.21315026975192136,0.19748772357220673,0.25127541461979314,0.2305996393588144
constant,v12,tdeg,0.07330592773494972,0.07673570281528692,0.08979409315091398,0.08831617712947565
constant,v13,Vf,0.18353555031517269,0.1774263175402109,0.1873901789625643,0.18169776196120774
constant,v13,EfEm,0.63953416093603,0.6551828020964203,0.6552957756268862,0.6720274333956228
constant,v13,alpha,0.014634220820569258,0.01328878319863372,0.019573925383312554,0.017466753849933268
constant,v13,logL,0.12587553434399834,0.11856693817482786,0.13974094194463388,0.13216880212519047
constant,v13,tdeg,0.01588686872299825,0.01491449842834965,0.01787831424626218,0.016660552178873352
constant,v23,Vf,0.18681612128286204,0.17945473860877337,0.1909218978981274,0.18389005237937073
constant,v23,EfEm,0.6372582962152084,0.6542524910428883,0.6532782648969169,0.6710932070602478
constant,v23,alpha,0.015251251486530814,0.013621851874378163,0.020539863311085253,0.017874538936387577
constant,v23,logL,0.1262970669747846,0.1184992531831155,0.1400136055292958,0.13194043288542764
constant,v23,tdeg,0.013706577653162307,0.013578859150690686,0.015649417860666284,0.015142792061060732
exponential,E1_Em,Vf,0.8224718348499009,0.8151058547941719,0.8442204664605428,0.8380978827950805
exponential,E1_Em,EfEm,0.15217267244142743,0.15899313749387595,0.17293733586004845,0.18111952494007202
exponential,E1_Em,alpha,0.00220362490666125,0.002201550731124245,0.003700364357232368,0.0029626620502855817
exponential,E1_Em,logL,0.0001724490387085671,3.339053501595189e-05,0.0005796136506511851,0.0003394855597998534
exponential,E1_Em,tdeg,0.0007434976207966962,0.0002562277259246793,0.0017593878682647542,0.0008581401521200798
exponential,E2_Em,Vf,0.8235555049621117,0.8147529442564639,0.8456849914334639,0.8376512381277006
exponential,E2_Em,EfEm,0.15163445384621185,0.15967603255293628,0.1720676843229022,0.18161104564511377
exponential,E2_Em,alpha,0.0012515502490762361,0.0015111200834041698,0.0025366090924820815,0.0020889053184551943
exponential,E2_Em,logL,0.0001300329462297214,9.073446871735193e-05,0.000671619270418467,0.00045473041363772783
exponential,E2_Em,tdeg,0.0003828780435162801,0.0008842105630751245,0.0018635246029170772,0.0012262131612485636
exponential,E3_Em,Vf,0.3323402376064337,0.3284267430694998,0.39200017917576635,0.3894138428921431
exponential,E3_Em,EfEm,0.5017833611313903,0.511749436196049,0.5770546734150093,0.5906832820822572
exponential,E3_Em,alpha,0.008488376960254725,0.007776355203684276,0.015260072978372733,0.012453517860343178
exponential,E3_Em,logL,0.06632379636208413,0.06104524265065596,0.09759854229129228,0.09064288755408306
exponential,E3_Em,tdeg,0.004575091476387711,0.0032648683701068876,0.009687057623546085,0.006204098582859417
exponential,G12_Em,Vf,0.8674169048085864,0.8609745908579517,0.8908651283347204,0.8847362523193993
exponential,G12_Em,EfEm,0.10629428994871996,0.11234982679163423,0.12739363777522578,0.13479207424296907
exponential,G12_Em,alpha,0.0006286083178189158,0.0009216556569137682,0.002361719017293202,0.001513367641395801
exponential,G12_Em,logL,0.0013359596452547828,0.000877692245865317,0.0019485174047600723,0.0015102457103063282
exponential,G12_Em,tdeg,0.0005022194833058718,0.0008541770782595345,0.0026277755498626096,0.001575676167720247
exponential,G13_Em,Vf,0.7543512963336333,0.7461311644633762,0.7865879134768555,0.7788122192534943
exponential,G13_Em,EfEm,0.20118408224176526,0.20899956776095407,0.23272372117107618,0.24210789406829933
exponential,G13_Em,alpha,0.0027508444981703094,0.0033988020047079,0.0050815240657771715,0.0040339769564183
exponential,G13_Em,logL,0.002773936038026882,0.0027344200458929227,0.005541992339458459,0.0044624568650367714
exponential,G13_Em,tdeg,0.003054221554381421,0.003948479471594787,0.0063851157921184475,0.005402997016648188
exponential,G23_Em,Vf,0.756097934176269,0.7484639220146283,0.7889680178467523,0.7813081268965344
exponential,G23_Em,EfEm,0.20166246192101012,0.21000500284200058,0.23276417475371675,0.24251994407053298
exponential,G23_Em,alpha,0.0014318220403183209,0.0019695388609701375,0.0033031291600573768,0.0026927979934325374
exponential,G23_Em,logL,0.0026139691398582307,0.002940099716148362,0.0051380873532519316,0.004493713799976515
exponential,G23_Em,tdeg,0.0013732998788304886,0.0022127455724397773,0.0052245671989055815,0.0034225989453184743
exponential,v12,Vf,0.16386135541061417,0.16389889818990452,0.212172642096192,0.19053265401442565
exponential,v12,EfEm,0.598535860573671,0.6396825912449872,0.623222533712745,0.663583070924702
exponential,v12,alpha,0.008484995410542123,0.008658529205784311,0.03380647268675184,0.024095842755889735
exponential,v12,logL,0.11486594974992126,0.10807511228512849,0.13356786858511724,0.1213945808707478
exponential,v12,tdeg,0.05252253924361376,0.037471189918121026,0.07636533540385419,0.04462443964939071
exponential,v13,Vf,0.14883477063257652,0.13351986959902315,0.15501575587257452,0.1370294211744305
exponential,v13,EfEm,0.7402097412788242,0.7668249023326409,0.7491793812669058,0.7763568869573553
exponential,v13,alpha,0.008283374689188024,0.006546181252147066,0.012558963748591858,0.009043904703196838
exponential,v13,logL,0.07048865001179204,0.06907557139253263,0.07926623490014298,0.0764019934252387
exponential,v13,tdeg,0.016850344471259233,0.011614162729548875,0.021319463354322433,0.013758118146238302
exponential,v23,Vf,0.14938938324410414,0.13464394745197306,0.1555173463658107,0.1381682226854642
exponential,v23,EfEm,0.73975959784867,0.7652412015565727,0.7485167826033754,0.7749474391302125
exponential,v23,alpha,0.00756949918279501,0.006019338651700887,0.011823952434737404,0.008471982185637588
exponential,v23,logL,0.07267418616637203,0.07078323260128544,0.08174394537220675,0.07836147289049486
exponential,v23,tdeg,0.015041126552576565,0.010642966051816074,0.019740536543626366,0.012800593727922357
